,Alpha,Delta_Pb,P_bar,T,rpm,rho,P001,P002,P003,P004,P005,P006,P007,P008,P009,P010,P011,P012,P013,P014,P015,P016,P017,P018,P019,P020,P021,P022,P023,P024,P025,P026,P027,P028,P029,P030,P031,P032,P033,P034,P035,P036,P037,P038,P039,P040,P041,P042,P043,P044,P045,P046,P047,P048,P049,P050,P051,P052,P053,P054,P055,P056,P057,P058,P059,P060,P061,P062,P063,P064,P065,P066,P067,P068,P069,P070,P071,P072,P073,P074,P075,P076,P077,P078,P079,P080,P081,P082,P083,P084,P085,P086,P087,P088,P089,P090,P091,P092,P093,P094,P095,P096,P097,P098,P099,P100,P101,P102,P103,P104,P105,P106,P107,P108,P109,P110,P111,P112,P113,q_inf,p_s
1,-6.0,138.73,1025.42,20.06,889.72,1.218,-0.7029675012649838,0.7022423307751252,0.9163109323255384,0.6175951319868048,0.301117054845273,0.12375224519444208,0.0025486592933145025,-0.04801118256022473,-0.10785752597876759,-0.1405813886361747,-0.13730163213104699,-0.18745611082098168,-0.2093825728493433,-0.2307194157306048,-0.19862202341701837,-0.19077271852282998,-0.16442411289207545,-0.14102360299639255,-0.11695977156016836,-0.0954386726955185,-0.07951895572703278,-0.06370979234860152,-0.045910664349189986,-0.04030928245281135,-0.008506699712560484,-0.6887060881474222,-2.3747588901333048,-2.367278097206108,-1.857515493445152,-0.9468487209345603,-0.791078712541713,-0.6858316948057918,-0.6048696156862036,-0.5467921297086393,-0.4964902462318223,-0.4523793637984841,-0.4157124230956225,-0.3834307747984332,-0.35004359060069934,-0.3187200734173869,-0.2900866935922093,-0.25957390273599856,-0.22773446879902715,-0.19397877263451657,-0.15860162381569518,-0.1230402190134854,-0.08596791514712653,-0.05180685581890418,-0.008506699712560484,205375.76,205376.66999999998,205376.81,205375.68,205375.77000000002,205376.53999999998,205377.53999999998,205376.65,205376.07,205376.45,205376.55,205375.82,205376.46000000002,205375.8,205375.53999999998,205376.64,205375.78999999998,205375.25,205376.27000000002,205377.38,205375.75,205367.44,205350.31,205323.95,205302.26,205296.35,205310.9,205337.65,205360.41999999998,205373.2,205374.94,205376.66999999998,205376.61,205373.71000000002,205376.4,205378.49,205377.56,205377.44,205376.22999999998,205378.22,205376.31,205377.66999999998,205376.71000000002,205375.24,205375.64,205377.65,205377.06,205377.05,205099.7,205096.46000000002,205097.53999999998,205097.69,205098.3,205098.49,205098.97,205099.71000000002,205100.21000000002,205100.14,205100.12,205095.33000000002,205085.58000000002,205083.97999999998,205083.83000000002,205083.78999999998,271.3616082847924,205105.6883917152
2,-5.0,140.15,1025.4,20.19,889.68,1.218,-0.38335297180714467,0.7439950825480914,0.8761372418198325,0.5267611050095233,0.2063811085859538,0.03896943012682484,-0.07347723756141446,-0.12019932037317839,-0.165134219689444,-0.19960132996035998,-0.19179607959217215,-0.2347979028826622,-0.25380040494737366,-0.26704015206724807,-0.23042112697519376,-0.22356417805354273,-0.19861655538122733,-0.1657542629430427,-0.13887356424484562,-0.11750030856352685,-0.1059383255414693,-0.0910572874561615,-0.07555620611736112,-0.0733313450311372,0.009717977812232707,-0.3754018289086796,-2.1118511970473657,-1.984961168864544,-1.1533737464536065,-0.8123864301325942,-0.6968395461765735,-0.6033953805530456,-0.5321268795270961,-0.48157511779627077,-0.43857329450588683,-0.40031297844850533,-0.3686178262522203,-0.3408617723725719,-0.3109538036718914,-0.28286949159919883,-0.25741124507096613,-0.2290351479378252,-0.19901775983946324,-0.16695787631753817,-0.13216250785347183,-0.09671062300331709,-0.059763339718112395,-0.024274981735361793,0.009717977812232707,205373.98000000004,205374.82000000004,205374.93000000002,205373.61000000004,205373.79000000004,205374.55000000005,205375.75000000003,205374.64,205374.40000000002,205374.43000000002,205374.56000000003,205373.99000000005,205374.47000000003,205373.74000000005,205373.80000000005,205374.83000000002,205374.02000000002,205373.47000000003,205374.18000000002,205375.36000000004,205372.54000000004,205360.50000000003,205339.62000000002,205316.09000000003,205308.03000000003,205324.73000000004,205348.56000000003,205365.34000000003,205372.62000000002,205374.57000000004,205373.22000000003,205374.71000000002,205374.17000000004,205370.80000000005,205373.77000000002,205375.60000000003,205374.91000000003,205374.75000000003,205373.51,205375.41000000003,205373.56000000003,205375.04000000004,205374.13000000003,205372.47000000003,205372.92000000004,205374.87000000002,205374.36000000004,205374.38000000003,205094.59000000003,205092.48000000004,205093.48000000004,205093.45,205093.88000000003,205092.42000000004,205094.23000000004,205095.29000000004,205095.43000000002,205095.19000000003,205095.10000000003,205091.50000000003,205080.73000000004,205079.98000000004,205079.84000000003,205079.81000000003,274.1744209393915,205100.20557906065
3,-4.0,140.2,1025.33,20.25,890.02,1.217,-0.0670371875506021,0.7494106953449196,0.796152363985685,0.4211252160616705,0.10078800804481201,-0.04935410698067223,-0.11253921755337627,-0.1902718521415903,-0.22935692919542397,-0.25414970195334036,-0.24477949224920398,-0.27908831455103916,-0.2910107214507841,-0.3035529476695247,-0.2644314106559311,-0.2502484862399302,-0.22323165592572997,-0.18739151530655088,-0.1602653051125404,-0.14101444626518836,-0.13127963696164902,-0.11840927110347758,-0.10608580464446365,-0.1011272500928167,0.026664909490549445,-0.05981811548291141,-1.9954773886004813,-1.3751840901724035,-0.994031668978695,-0.7719540529952599,-0.6456932117294499,-0.5250107443339641,-0.45318462325582354,-0.40750029345329486,-0.37268103171238043,-0.34551836155839777,-0.3222204471578532,-0.2997246518760588,-0.2756610783168422,-0.2514881248778154,-0.23001320847428566,-0.20507459587648075,-0.17754732612320126,-0.14790537869344822,-0.11476327510966011,-0.08056383268774132,-0.04381219307000176,-0.007862672571012396,0.026664909490549445,205359.03999999998,205359.86,205359.93,205358.83000000002,205358.93,205359.57,205360.89,205359.76,205359.41999999998,205359.57,205359.72,205358.88,205359.61,205358.91999999998,205358.93,205359.89,205359.01,205358.51,205359.25,205359.96000000002,205353.5,205335.16,205314.03,205305.15,205317.11,205339.47,205352.02000000002,205357.55,205359.32,205359.76,205358.36,205359.85,205359.96000000002,205353.37,205359.52000000002,205361.32,205360.77000000002,205360.44,205359.16,205361.18,205359.34,205360.69,205359.89,205358.14,205358.6,205360.6,205359.85,205360.1,205080.2,205078.99,205079.97,205079.78,205080.05,205080.3,205080.16999999998,205081.28999999998,205081.24,205080.9,205080.78999999998,205078.19,205066.66999999998,205065.97999999998,205065.86,205065.87,274.27347745189593,205085.8265225481
4,-3.0,140.79,1025.33,20.34,889.46,1.217,0.25174922750375,0.754213598748231,0.703785635478155,0.30863952156005897,0.0035303758998173817,-0.1114119795452888,-0.1948777013294004,-0.2549265503205387,-0.2939909768710844,-0.30455579854972065,-0.2915585265190206,-0.32735548244722706,-0.32797267134248265,-0.33592351652331087,-0.2884725820423199,-0.27289763874298184,-0.2435993188300726,-0.2079838890475047,-0.18318741754744589,-0.16605134939527819,-0.16125905914927924,-0.14978660674223893,-0.14179945633234636,-0.016364889666838228,0.02106580157253784,0.27734441404470295,-1.4014456864405382,-1.0784017575870235,-0.805894707690989,-0.6307945875673403,-0.5375990643746567,-0.46978089634832865,-0.4218216886594863,-0.3860247327311742,-0.3563996657561578,-0.3305866478403963,-0.30865828944201834,-0.29115916899846783,-0.26999322041213103,-0.2507877541989653,-0.23089248863241538,-0.20457119750869687,-0.17102516578691568,-0.13642628242005045,-0.10113759969980102,-0.06842658824808394,-0.03364617873558018,0.0004444314232223559,0.02106580157253784,205362.55,205363.28999999998,205363.35,205362.16999999998,205362.4,205363.0,205364.22,205363.1,205363.22999999998,205362.96000000002,205363.08000000002,205362.26,205363.12,205362.28999999998,205362.43,205363.22,205362.53999999998,205362.02000000002,205362.46000000002,205361.43,205349.74,205329.51,205318.35,205324.3,205339.08000000002,205354.59,205360.47,205362.38,205362.85,205363.26,205361.84,205363.26,205362.97999999998,205359.28999999998,205362.7,205364.46000000002,205363.89,205363.6,205362.16999999998,205364.22,205362.2,205363.77000000002,205363.15,205361.22999999998,205361.7,205363.71000000002,205363.27000000002,205362.97999999998,205081.06,205080.41999999998,205081.35,205081.06,205081.16999999998,205082.15,205081.47999999998,205082.12,205082.16999999998,205081.78,205081.66,205079.64,205067.31,205066.0,205065.89,205065.91,275.4424152646113,205087.53758473537
5,-2.0,138.13,1025.36,20.5,889.42,1.216,0.5798622955969834,0.7174776585580472,0.5842298622537075,0.1716428663080156,-0.09107737207207978,-0.2107783090854654,-0.2743671185440106,-0.32248437832057775,-0.34976316328619894,-0.36164442512341344,-0.34139816274039203,-0.3674555095733786,-0.3720451558904936,-0.37193411606013654,-0.31689537353111125,-0.30038745210010376,-0.2674456357915524,-0.2319869166638372,-0.21529392884911677,-0.19663923736647906,-0.19819379498996936,-0.19541779923362895,-0.13549330417352637,0.04342887564178806,0.02162805563538404,0.6015890890500315,-0.8523664482908485,-0.7917387009723567,-0.6316562790233928,-0.519728130127782,-0.45092044864730385,-0.4018778569519566,-0.365382766075212,-0.33773384834205716,-0.31445249726562646,-0.2933919427941819,-0.27566258323032433,-0.2605611663158799,-0.2422025810472044,-0.22502842063459333,-0.2085945257571572,-0.19090217947008528,-0.1722104747107696,-0.15451812842358997,-0.13697383524355303,-0.12039188725908193,-0.09481571302387827,-0.03037559820012431,0.02162805563538404,205362.45999999996,205363.24,205363.37999999998,205362.33999999997,205362.24999999997,205363.13999999996,205364.11999999997,205363.39999999997,205362.67999999996,205363.01999999996,205363.16999999998,205362.37999999998,205363.06999999998,205362.3,205362.24999999997,205363.31999999998,205362.50999999995,205361.84999999998,205362.84999999998,205363.42999999996,205358.24999999997,205345.24999999997,205330.36999999997,205325.02999999997,205331.88999999996,205346.3,205355.76999999996,205360.94999999995,205362.62999999998,205363.16999999998,205361.86999999997,205363.26999999996,205363.09999999998,205360.97999999998,205363.12999999998,205365.03999999998,205364.09999999998,205363.74999999997,205362.75999999995,205364.8,205363.00999999995,205364.41999999998,205363.19999999995,205361.74999999997,205362.13999999996,205364.27999999997,205363.49,205363.70999999996,205086.26999999996,205086.05,205086.88999999996,205086.53999999998,205086.63999999996,205087.22999999998,205086.82999999996,205087.47999999998,205087.50999999995,205087.02999999997,205086.87999999998,205085.38999999996,205072.64999999997,205071.97999999998,205071.92999999996,205071.89999999997,270.173323675654,205093.53667632432
6,-1.0,138.27,1025.34,20.55,890.11,1.216,0.8180813649309471,0.6327609992874182,0.4342774153339136,0.030432835613476397,-0.20657904462888166,-0.31288312508083593,-0.358621611174515,-0.39726083346046515,-0.40783577850721986,-0.4149350423148412,-0.38653798708446346,-0.4104980024350644,-0.40735509918689816,-0.4022155279929292,-0.3469374061578699,-0.33148171724348985,-0.2918441609844232,-0.25997142451501964,-0.2472888855254732,-0.23641813782011692,-0.23431054387721756,-0.23312733324270368,-0.025288990209539033,0.0672232912829784,0.02004276722844182,0.8404144656588627,-0.34290709493379135,-0.4981665153921068,-0.4504683366849906,-0.39988608205605175,-0.3551089546030161,-0.32841276465994707,-0.3010510187349439,-0.28189779658745234,-0.26599840368500854,-0.24987715878869426,-0.23682486647581513,-0.22558436544712618,-0.2104984298559712,-0.19607805024696567,-0.18210137462570106,-0.1656843270706776,-0.14686388291426083,-0.12889387140128322,-0.11048015590034943,-0.09509841765070048,-0.08138056935577952,-0.06784759772257869,0.02004276722844182,205359.43999999997,205360.28999999998,205360.36,205359.24,205359.19999999995,205359.90999999997,205361.24,205360.25999999995,205359.64999999997,205360.01999999996,205360.11,205359.36999999997,205360.17999999996,205359.40999999997,205359.36999999997,205360.27999999997,205359.34999999998,205358.72999999998,205359.45999999996,205359.64999999997,205355.17999999996,205342.86999999997,205328.99999999997,205324.36999999997,205331.61999999997,205344.72999999998,205352.05999999997,205356.83999999997,205359.36999999997,205360.11,205358.72999999998,205359.95999999996,205359.62999999998,205354.74999999997,205359.51999999996,205361.37999999998,205360.69999999995,205360.30999999997,205359.22999999998,205361.37999999998,205359.51999999996,205360.69999999995,205359.80999999997,205358.26999999996,205358.67999999996,205360.77999999997,205359.88999999996,205360.11999999997,205081.42999999996,205081.77999999997,205082.64999999997,205082.18999999997,205082.19999999995,205082.55999999997,205079.47999999998,205082.94999999995,205082.84999999998,205082.26999999996,205082.13999999996,205081.26999999996,205068.21999999997,205067.99,205067.91999999998,205067.89999999997,270.4505779812845,205089.6694220187
7,0.0,139.0,1025.31,20.58,890.3,1.216,0.9493924855697051,0.49061477117662067,0.2518473411750157,-0.11042302011816729,-0.3408416813872563,-0.41256017930824174,-0.44279228458581465,-0.4769597125696327,-0.47184747092290596,-0.47059699454901893,-0.4379374939572915,-0.4567314182842266,-0.4452932373338028,-0.4333769330638887,-0.3764434793296525,-0.35525893840526557,-0.31914223842667633,-0.2967807785620219,-0.2817382833570691,-0.2746399909986543,-0.280120019814228,-0.13142366745797013,0.01664744671113017,0.056625911962452126,0.06445977865845381,0.9629638320993771,0.09597913902683056,-0.2158676014203973,-0.27482388458313134,-0.2772880586143097,-0.2626133505780968,-0.2497775783861188,-0.23396273012655522,-0.2232233447969086,-0.21362409969061272,-0.20362028869844598,-0.19457272434536702,-0.1870330873844857,-0.17592591488599213,-0.16445095521865158,-0.15268176581619064,-0.1377128280449644,-0.119691256772426,-0.10170646421691146,-0.08221374426919924,-0.06595755140706211,-0.05142995823840941,-0.04341219795803775,0.06445977865845381,205354.91,205355.93,205356.07,205354.71000000002,205354.8,205355.68,205356.89,205355.78999999998,205355.3,205355.43,205355.65,205355.03999999998,205355.85,205354.97,205354.95,205355.71000000002,205354.99,205354.24,205355.03999999998,205355.41999999998,205350.57,205340.46000000002,205328.03,205318.78,205320.91999999998,205331.81,205340.94,205348.68,205353.61,205355.47999999998,205354.39,205355.7,205355.41,205349.62,205355.26,205357.27000000002,205356.43,205356.27000000002,205354.99,205356.93,205355.11,205356.53,205355.53999999998,205354.13,205354.6,205356.5,205355.7,205355.9,205075.52000000002,205076.45,205077.27000000002,205076.72,205076.61,205077.3,205076.24,205077.25,205077.07,205076.43,205076.27000000002,205076.02000000002,205062.43,205061.97999999998,205061.91,205061.91,271.8963805053999,205084.0036194946
8,0.0,138.26,1025.36,20.62,889.43,1.216,0.9493400850628894,0.5075264619479315,0.2585533179544434,-0.10360960678515103,-0.32847306863335785,-0.4044629410388538,-0.433786526838143,-0.46529181700342803,-0.4656246193643153,-0.4601888474696082,-0.42831377690340905,-0.4460262581113483,-0.4360421872843001,-0.4238394340513369,-0.36474852597146784,-0.3445215380367531,-0.3090226195407134,-0.28657694919997606,-0.2723773818016893,-0.2652775981024383,-0.2709722162778714,-0.13123220273986952,0.023151114677709715,0.06319833210598291,0.07247982017112212,0.9642422352231926,0.10712824374482267,-0.20640855826316074,-0.26350265217759866,-0.2677921048292138,-0.25281599858874915,-0.23972577239331228,-0.22460175399241744,-0.21395207844359473,-0.20452267821802533,-0.19457558543121925,-0.18547898756664472,-0.17878596230854987,-0.1669160114363663,-0.15571166528606487,-0.14376775833372,-0.1290504983739813,-0.11115312696547741,-0.09310784339675855,-0.0736943723442486,-0.05771985902101456,-0.04322446730175977,-0.03531116672041167,0.07247982017112212,205361.27999999997,205362.11999999997,205362.18999999997,205361.14999999997,205361.03999999998,205361.91999999998,205362.93999999997,205362.32999999996,205361.30999999997,205361.92999999996,205362.09999999998,205361.36999999997,205362.24,205361.36,205361.17999999996,205362.11,205361.37999999998,205360.59999999998,205361.8,205362.31999999998,205356.92999999996,205347.3,205334.30999999997,205325.17999999996,205327.80999999997,205339.3,205348.05,205355.28999999998,205360.13999999996,205361.71999999997,205360.37999999998,205361.86,205361.45999999996,205358.57999999996,205361.62999999998,205363.49999999997,205362.44999999995,205362.21999999997,205361.24,205363.19999999995,205361.55,205362.89999999997,205361.62999999998,205360.43999999997,205360.8,205362.84999999998,205362.00999999995,205361.97999999998,205085.22999999998,205086.18999999997,205086.97999999998,205086.45999999996,205086.36999999997,205087.05,205085.99999999997,205087.02999999997,205086.74999999997,205086.11,205085.97999999998,205085.76999999996,205072.12999999998,205072.00999999995,205071.89999999997,205071.89999999997,270.4307738579922,205091.549226142
9,1.0,137.55,1025.37,20.65,890.47,1.216,0.9662484619622241,0.2843781824870511,-9.375650233884286e-05,-0.3199527706151267,-0.502426669543569,-0.5463259717710008,-0.5613060046225278,-0.5791853986711211,-0.5602280369979457,-0.562421143544543,-0.5103441558894328,-0.5232425960866615,-0.5048428038744395,-0.48822723393737677,-0.43020283869861864,-0.4024358795420537,-0.3772337399059829,-0.35448490589821563,-0.3407686971582192,-0.3403598128867812,-0.3103254045889694,-0.08525319884205888,-0.016300442168071704,0.012655998505266101,0.02722714708535513,0.9851686523380748,0.4875936653638281,0.06536489821608746,-0.08432391640710035,-0.13896572358259648,-0.15242173324077857,-0.1591497380698696,-0.15836914082453474,-0.15591583519623126,-0.15338818697317003,-0.14870460350094447,-0.14472727467940422,-0.1408614597498383,-0.13305548729627328,-0.1242458898128838,-0.11499023676073156,-0.10250068083483277,-0.0853647127341414,-0.06815440203869227,-0.047784531064470726,-0.029719280528929005,-0.013921479134634146,-0.005260566840760148,0.02722714708535513,205364.68999999997,205365.50999999995,205365.74999999997,205364.67999999996,205364.63999999996,205365.39999999997,205366.50999999995,205365.61999999997,205365.00999999995,205365.37999999998,205365.44999999995,205364.66999999998,205365.47999999998,205364.65999999997,205364.86999999997,205365.62999999998,205364.61999999997,205364.15999999997,205365.24999999997,205366.38999999996,205361.90999999997,205345.74999999997,205327.93999999997,205322.37999999998,205331.36999999997,205348.81999999998,205359.75999999995,205363.93999999997,205365.14999999997,205365.45999999996,205363.99999999997,205365.53999999998,205364.58999999997,205361.82999999996,205364.36,205366.3,205365.55999999997,205365.32999999996,205364.09999999998,205366.14999999997,205364.43999999997,205365.78999999998,205364.65999999997,205363.24,205363.67999999996,205365.74,205364.91999999998,205365.21999999997,205086.99999999997,205089.18999999997,205089.96999999997,205089.21999999997,205088.90999999997,205089.52999999997,205089.44999999995,205089.24999999997,205088.80999999997,205088.02999999997,205087.84999999998,205088.96999999997,205074.45999999996,205073.99999999997,205073.91999999998,205073.88999999996,269.02477717784353,205096.19522282213
10,2.0,138.91,1025.33,20.68,890.29,1.216,0.9254006321110432,0.05460850402977871,-0.20613965654905864,-0.4921713720067621,-0.6291883659143421,-0.6534782439640486,-0.6414805163212911,-0.6434310671344747,-0.6144304248569549,-0.6042360366451246,-0.5458299207893081,-0.5519759959927291,-0.5302991199757173,-0.5142530793246576,-0.45411722972904217,-0.42055303460585813,-0.40012745533674055,-0.38551672566139544,-0.37694166265288603,-0.37694166265288603,-0.14858000614035966,-0.06485353256000591,-0.02359754272110116,0.0143093881746837,0.059613691021890715,0.9379504024366194,0.7400983048683487,0.2838166259895296,0.07282591256708533,-0.023339922802366672,-0.055836835405155744,-0.0786914024792547,-0.0871928597966359,-0.09271328662610977,-0.09591513418718747,-0.09661438825226273,-0.0969824167074753,-0.09760806508163658,-0.09341254069118503,-0.08826014231692372,-0.08288692686970625,-0.07387022971485609,-0.06047399394194807,-0.04582646142114594,-0.027057010200806246,-0.00843477036272295,0.010592300776137018,0.02376771947587464,0.059613691021890715,205356.87,205357.83000000002,205357.85,205356.63,205356.62,205357.61,205358.78,205357.85,205357.07,205357.4,205357.7,205357.01,205357.75,205356.95,205357.03,205357.78,205356.91999999998,205356.14,205357.28999999998,205358.72,205356.4,205341.46000000002,205320.32,205312.78999999998,205321.9,205340.49,205351.86,205356.31,205357.2,205357.59,205356.06,205357.59,205356.91,205353.02000000002,205357.07,205358.97,205358.07,205357.76,205356.69,205358.53,205356.91999999998,205358.22999999998,205357.08000000002,205355.72,205356.24,205358.28,205357.43,205357.53,205078.36,205081.2,205081.95,205081.13,205080.66999999998,205081.21000000002,205081.33000000002,205080.84,205080.34,205079.43,205079.28,205081.1,205066.35,205066.01,205065.91999999998,205065.91999999998,271.71812005394486,205085.81187994606
11,3.0,139.0,1025.33,20.71,889.72,1.215,0.7039313290954492,-0.1990597278050432,-0.4765919254008928,-0.6950942824000677,-0.7831425306169169,-0.7720721368353402,-0.7432008440825117,-0.7258412897139407,-0.6939173634599072,-0.6685400488109645,-0.6135190883545827,-0.6053909919235676,-0.5759680184175223,-0.5582774555970211,-0.49910050013300034,-0.46908906715682125,-0.45058937256489956,-0.4402177744039929,-0.4352526476249334,-0.23032163715521636,-0.13234313538014109,-0.0892384791937804,-0.04260306618672426,0.004142682971082315,0.06879966725056981,0.7270651420146074,0.8912821128952014,0.46222160174328264,0.20245352440176786,0.07302921969204243,0.016463553126653162,-0.01641661976636105,-0.035210544093296124,-0.04716362708012704,-0.056505421168326395,-0.06213256485135328,-0.06647245344346928,-0.071768588674566,-0.07070200588504892,-0.06849528287196707,-0.06687701932912603,-0.06132343307993275,-0.05109894978658629,-0.03899875193219517,-0.022926452654535044,-0.006008242888537575,0.012932796305957695,0.029667112487585197,0.06879966725056981,205357.12,205358.14,205358.13,205357.03999999998,205356.93,205357.84,205359.0,205358.11,205357.31,205357.88,205357.91999999998,205357.16999999998,205357.76,205357.16999999998,205357.55,205358.06,205357.27000000002,205356.56,205357.53,205359.06,205357.12,205343.84,205321.87,205311.32,205319.65,205339.45,205351.75,205356.36,205357.53999999998,205357.78999999998,205356.53999999998,205357.81,205357.91999999998,205355.35,205357.93,205359.84,205358.9,205358.69,205357.56,205359.49,205357.64,205359.02000000002,205358.02000000002,205356.66999999998,205357.01,205359.03,205358.3,205358.41,205078.4,205082.03,205082.75,205081.85,205081.33000000002,205081.84,205082.26,205081.51,205080.55,205079.59,205079.47,205082.1,205066.78999999998,205066.0,205065.85,205065.76,271.8963805053999,205086.5136194946
12,4.0,137.65,1025.28,20.73,889.97,1.215,0.30566800221936735,-0.5240537206943171,-0.7753697372236281,-0.9125052283597335,-0.9412546514743545,-0.8924846352605657,-0.8411888299357382,-0.8080564198345629,-0.7639665422672723,-0.729756957398313,-0.6670579571173461,-0.6492660014687321,-0.6206280102267522,-0.6029474864507796,-0.5416599565551957,-0.5177021039596061,-0.5052960221504524,-0.4958243129847064,-0.3038643405602614,-0.19272961968299665,-0.15967149749680737,-0.10896999549240868,-0.05143400530551136,0.00023323959435438097,0.07459544253429047,0.3274343613217339,0.9631531941477225,0.6262203555520918,0.33352597035372367,0.17261834640965587,0.10089336445307523,0.050786165768781005,0.026382585683058967,0.00773631901183542,-0.007715567313367165,-0.01852445894940227,-0.027364720837388622,-0.03501637608494983,-0.03828504434606493,-0.03932507515651801,-0.040996553244514525,-0.038619339963772335,-0.031339124291249396,-0.021830271168064436,-0.008532734378537837,0.006213416753810971,0.023671076784717478,0.0400887060051709,0.07459544253429047,205344.77000000002,205345.7,205345.97,205344.9,205344.74,205345.53999999998,205346.56,205345.9,205345.18,205345.35,205345.72999999998,205344.84,205345.33000000002,205344.93,205345.2,205345.8,205344.78,205344.19,205345.47999999998,205346.88,205345.08000000002,205331.47,205307.96000000002,205297.36,205307.4,205328.36,205340.47999999998,205344.39,205345.3,205345.44,205343.94,205345.38,205345.03,205340.85,205345.1,205347.03999999998,205346.26,205345.85,205344.72999999998,205346.8,205345.18,205346.36,205345.25,205343.95,205344.25,205346.46000000002,205345.5,205345.53999999998,205067.08000000002,205071.34,205072.03999999998,205071.03999999998,205070.36,205070.74,205071.16999999998,205070.28,205069.38,205068.28999999998,205068.16,205071.53,205056.22,205055.99,205055.88,205055.86,269.2227934150915,205076.31720658488
13,5.0,137.62,1025.28,20.75,889.85,1.215,-0.2776626210742064,-0.9117384557318453,-1.1087191831797791,-1.149029271689995,-1.1154808754460313,-1.0347120898044413,-0.9555036946857663,-0.9100666087429,-0.8473166184261652,-0.8025111191235985,-0.7342997619763378,-0.7182500308829601,-0.6810235712633382,-0.6638964276659711,-0.609988650312672,-0.5850224019450635,-0.5699014747343011,-0.37574431108988093,-0.27922301159722923,-0.23764974980652248,-0.19611364017105112,-0.13143173777829067,-0.06831022590844493,-0.011764645528133616,0.06781527114354431,-0.2672971697430914,0.967863385657835,0.7537183624570826,0.4451325604610782,0.2548392209687095,0.17050382841749218,0.11273222691203359,0.07922098282341328,0.05403182152395976,0.033375223172092496,0.018402904582704195,0.005251041603310976,-0.006600495940247896,-0.012619145100278045,-0.016928795116127465,-0.021275597287212292,-0.02172142315090221,-0.017226012358659493,-0.010390015781720326,0.0006070221896941185,0.01309014637355246,0.02847113867139527,0.04388928312458161,0.06781527114354431,205345.72999999998,205346.6,205346.78,205345.47,205345.5,205346.44,205347.49,205346.76,205345.93,205346.38,205346.47999999998,205345.66,205346.3,205345.77000000002,205346.0,205346.71000000002,205345.75,205344.91999999998,205346.26,205347.75,205345.72,205330.88,205307.09,205295.91,205306.7,205329.58000000002,205341.97999999998,205345.41999999998,205346.08000000002,205346.28,205344.84,205346.47999999998,205346.33000000002,205341.97,205346.35,205348.19,205347.39,205347.08000000002,205345.95,205347.9,205346.18,205347.53,205346.4,205345.24,205345.51,205347.2,205346.65,205346.72,205066.33000000002,205071.44,205072.1,205071.0,205070.22999999998,205070.53,205071.11,205070.03999999998,205068.84,205067.63,205067.51,205071.75,205055.58000000002,205056.0,205055.85,205055.83000000002,269.16338814924853,205077.55661185074
14,6.0,141.2,1025.29,20.81,889.78,1.215,-1.0031506779669117,-1.276955870206326,-1.4070169563665378,-1.3403031846456288,-1.2339158948529434,-1.1154745160841397,-1.0198019720480156,-0.9537035742388489,-0.8806550710739042,-0.8286016778375828,-0.7579060749233251,-0.7410375900497609,-0.7076626049565926,-0.6899977538443587,-0.6306322705984045,-0.5202993480777981,-0.4013149923281073,-0.34013958581245884,-0.2895341311917664,-0.23950785201738886,-0.1882870234851647,-0.12001671775223846,-0.05315815216972436,0.005157575579777545,0.08349105469220028,-0.9921825429524627,0.9236936349496683,0.8595137558063735,0.5644238659153367,0.35744104079311423,0.2558319484324472,0.19541670969004088,0.15639476399553992,0.12627764078780038,0.10115590580443415,0.08168113142250591,0.06499363887597442,0.05076764197620199,0.04110265171598772,0.0342249432911702,0.02684045635078769,0.023691189861536347,0.02568210545815801,0.029663936651506684,0.03777239289970373,0.047763169348450346,0.06079461689027085,0.07378986596666376,0.08349105469220028,205349.09,205350.12,205350.22999999998,205349.09,205348.9,205349.83000000002,205351.03999999998,205350.14,205349.38,205349.77000000002,205350.03,205349.28999999998,205349.93,205349.16999999998,205349.76,205350.11,205349.34,205348.62,205349.63,205351.02000000002,205349.74,205337.97999999998,205312.69,205294.53,205304.25,205331.57,205346.25,205349.14,205349.57,205349.94,205348.53999999998,205349.97,205349.97999999998,205345.45,205350.03999999998,205351.7,205350.84,205350.61,205349.43,205351.4,205349.6,205350.99,205349.99,205348.59,205348.87,205350.74,205350.16,205350.31,205068.5,205074.26,205074.9,205073.66999999998,205072.72,205072.96000000002,205073.47999999998,205072.16999999998,205071.16,205069.78999999998,205069.69,205074.69,205057.52000000002,205058.0,205057.9,205057.91,276.25480503625596,205074.05519496373
15,7.0,139.77,1025.29,20.83,889.93,1.215,-1.945341314478737,-1.7497825302872392,-1.8126524667049324,-1.6157404610778376,-1.435762010169533,-1.2790443385291512,-1.1602534406323954,-1.079681904897471,-0.9951604255134211,-0.9426773779513319,-0.8559614854286661,-0.8299211161852907,-0.7655882376751868,-0.6847972606266348,-0.5893402891023801,-0.524056498232337,-0.4656485351962405,-0.4027420252263114,-0.3362147335778045,-0.2788308300063315,-0.22023999920863044,-0.14848268958008573,-0.07745685099774632,-0.019304902827725828,0.06024257344246874,-1.9316993794678707,0.8115364849561273,0.9211108476713776,0.6494059275742097,0.42572208165764064,0.3100765092593334,0.244646424180028,0.1958573054009881,0.1596860621682975,0.1289642782293786,0.10541091054293085,0.08514916256430047,0.06667951864873464,0.05450052573006593,0.044333078188408544,0.03456793972208955,0.028825892009686736,0.02805784741135214,0.029337921742051725,0.03500682234977014,0.04257754767757972,0.053732481131518454,0.06488741458556363,0.06024257344246874,205351.32,205352.32,205352.47999999998,205351.11,205351.05,205351.97999999998,205353.28,205352.24,205351.88,205351.86,205352.08000000002,205351.47,205352.16999999998,205351.3,205351.89,205352.15,205351.28999999998,205350.91999999998,205351.53999999998,205352.83000000002,205351.51,205337.87,205310.3,205290.43,205300.15,205331.08000000002,205347.58000000002,205351.26,205351.76,205352.06,205350.86,205352.16999999998,205352.58000000002,205347.93,205352.78,205354.25,205353.47999999998,205353.28999999998,205352.02000000002,205353.55,205351.96000000002,205353.43,205352.66,205351.03,205351.37,205353.36,205352.66999999998,205352.71000000002,205068.58000000002,205075.09,205075.69,205074.37,205073.27000000002,205073.34,205073.88,205072.55,205071.46000000002,205069.97,205069.88,205075.59,205057.93,205057.99,205057.89,205057.91999999998,273.4216221533284,205079.28837784668
16,8.0,138.89,1025.29,20.87,889.86,1.215,-2.9724894390189363,-2.2075043753524985,-2.2072835260823345,-1.866733951476034,-1.6114321951564976,-1.4223484116770275,-1.2784283039478266,-1.1877328703303125,-1.0813571385303986,-0.9693129421294636,-0.852262828938,-0.8165220553817555,-0.7671990517098842,-0.7219617595361557,-0.6312663259186415,-0.5572450121990513,-0.4881559988467447,-0.42028165648034055,-0.3489105340028265,-0.287109546566256,-0.22692812044407928,-0.15375339559352283,-0.0838914097956419,-0.026728257032624294,0.047477097745400244,-2.9635082353652398,0.640604621005809,0.9648849660425699,0.7312632464115933,0.4997395948472827,0.374334017600885,0.3008280188451896,0.24738249546333882,0.20623091478786004,0.1711158808303781,0.14376737954058305,0.12039416511406288,0.09886136127220771,0.08325467951337445,0.07044542184332196,0.05752573953818743,0.04898623442481911,0.04578392000733277,0.044090742269479545,0.04755071416875257,0.05255663095938842,0.06128017713119111,0.06915713443406718,0.047477097745400244,205351.52000000002,205352.49,205352.61,205351.35,205351.37,205352.13,205353.25,205352.27000000002,205352.06,205352.08000000002,205352.22999999998,205351.61,205352.32,205351.47,205352.21000000002,205352.33000000002,205351.6,205351.0,205351.64,205353.02000000002,205350.4,205333.62,205305.7,205286.27000000002,205293.91999999998,205325.24,205345.59,205351.24,205351.94,205352.31,205350.81,205352.13,205351.72,205346.12,205352.22,205353.53,205352.77000000002,205352.55,205351.26,205353.02000000002,205351.36,205352.81,205351.93,205350.55,205350.88,205352.62,205351.97999999998,205351.91,205068.63,205075.75,205076.33000000002,205074.93,205073.77000000002,205073.47,205074.06,205072.89,205071.69,205070.07,205070.0,205076.36,205058.1,205057.99,205057.89,205057.91999999998,271.6785070337505,205080.23149296624
17,9.0,138.65,1025.29,20.91,889.85,1.215,-4.0761944927726015,-2.6342127829428126,-2.628202528545826,-2.1364678497851606,-1.8105129487471057,-1.5974254631023874,-1.3340067059738698,-1.1896868549939448,-1.09448147552782,-1.019629841013463,-0.9129201709224823,-0.8737244627999001,-0.8164611187599631,-0.7588290474566014,-0.6582771226680841,-0.580623160950198,-0.5072464354901831,-0.4341278191148338,-0.3611935663712504,-0.2954863679945445,-0.23505196948754642,-0.1633345167139616,-0.09585742747185197,-0.04357190149088309,0.024200169562073527,-4.070995438355579,0.40461608743642924,0.9730829097558291,0.7905260415387622,0.5629107017074966,0.43101695951147184,0.34635717978487024,0.2895731811876534,0.24399849140455304,0.20495027418744793,0.17382969313810262,0.14628576654585362,0.12250285804246688,0.1036240221452561,0.08839558615782651,0.07276155018046895,0.061920968630099,0.05572635060134683,0.05144911434336824,0.05229718704972766,0.05458329608414044,0.06051980502833444,0.06616133216178878,0.024200169562073527,205351.03,205352.08000000002,205352.22999999998,205350.97999999998,205350.77000000002,205351.76,205353.06,205351.85,205351.57,205351.71000000002,205351.75,205351.22,205351.8,205351.13,205351.71000000002,205352.06,205351.3,205350.62,205351.4,205352.78,205349.71000000002,205334.6,205308.11,205283.69,205281.9,205307.74,205334.71000000002,205348.53999999998,205351.35,205351.96000000002,205350.65,205351.91999999998,205351.61,205347.5,205352.12,205353.43,205352.56,205352.43,205351.22999999998,205352.99,205351.24,205352.71000000002,205351.77000000002,205350.39,205350.74,205352.47999999998,205351.85,205352.09,205067.87,205075.63,205076.16999999998,205074.71000000002,205073.52000000002,205072.66,205073.6,205072.57,205071.16,205069.39,205069.32,205076.32,205057.1,205057.99,205057.87,205057.88,271.2031625187115,205080.8868374813
18,10.0,135.65,1025.28,20.92,890.04,1.215,-4.80649747000146,-2.7690492488445475,-3.1063746139577573,-2.6911266371225313,-1.8207457665664777,-1.5972318986902023,-1.4133767572443916,-1.2767200240598096,-1.15295614680596,-1.059350996875604,-0.9379998178076864,-0.8905752190915404,-0.8229442730687061,-0.7588192790970919,-0.6503232575507171,-0.5673867574111087,-0.49349787546863616,-0.4181764539781705,-0.3447022545363434,-0.2820098001126128,-0.22674393229229692,-0.1667657633276851,-0.11334711755589816,-0.07757132726843854,-0.026942363774149377,-4.798430010442483,0.20324412252240956,0.9717638915432919,0.8351448567678994,0.616833369355054,0.4730516368402438,0.38657148624011606,0.3252738729550795,0.27577586173537744,0.2331766593909861,0.19872031342384158,0.16848618928207837,0.14066476332613764,0.11925206692648324,0.10138302098723846,0.08283540368335111,0.06896238911457021,0.060103262963271925,0.05241278749575024,0.04988699408246906,0.048567549762044256,0.05049016862884239,0.05180961294937691,-0.026942363774149377,205343.35,205344.26,205344.55,205343.44,205343.34,205344.15,205345.07,205344.6,205343.46000000002,205343.97,205344.16,205343.59,205344.06,205343.47,205343.89,205344.53,205343.41,205342.95,205344.26,205344.6,205336.27000000002,205315.46000000002,205291.18,205271.87,205272.32,205295.53,205319.94,205336.33000000002,205342.9,205344.21000000002,205342.52000000002,205344.08000000002,205343.68,205341.59,205344.31,205345.66999999998,205344.59,205344.53,205343.47,205345.62,205343.71000000002,205345.09,205343.99,205342.72,205343.01,205344.99,205343.96000000002,205344.35,205065.9,205073.78,205074.32,205072.93,205071.76,205069.84,205070.99,205070.8,205069.38,205067.61,205067.45,205074.55,205055.57,205055.97999999998,205055.87,205055.85,265.2631828322515,205079.08681716776
19,10.25,137.93,1025.33,20.97,889.89,1.214,-4.933153916194839,-2.8298632149539715,-3.2203334882412205,-2.3556571957621943,-1.8374519156637537,-1.5980692476469192,-1.4047986946830981,-1.2709475311326761,-1.1420634282068252,-1.0481711553534416,-0.9270712519141782,-0.8760291438529065,-0.808529014020474,-0.7398797880731666,-0.6328285113260519,-0.549797050137189,-0.4756988845493568,-0.4017489894280714,-0.32972661037006057,-0.26919519245874723,-0.2155212836186431,-0.1582518159683389,-0.1083217364051974,-0.076221180427804,-0.03059094439042052,-4.92674121852273,0.15930645546258917,0.9704571095680582,0.8480969071642258,0.631918567140391,0.48779967379109573,0.4013579918747849,0.3391585312163303,0.2895249925860666,0.2463782868610767,0.21131232155533625,0.18058326739220626,0.1520041349918474,0.13043078212935244,0.11185990621173336,0.09302955697787312,0.0786102541195731,0.06897267380309248,0.06055832483432846,0.0572222393400459,0.0551093851938036,0.05629554892499139,0.05611021084202364,-0.03059094439042052,205356.87,205357.78,205358.1,205356.83000000002,205356.72,205357.64,205358.74,205357.87,205357.22999999998,205357.5,205357.72,205357.01,205357.62,205356.85,205357.49,205357.86,205356.9,205356.22999999998,205357.27000000002,205356.94,205346.47,205323.41,205299.71000000002,205282.02000000002,205283.5,205306.32,205330.46000000002,205348.02000000002,205355.58000000002,205357.56,205356.16,205357.52000000002,205357.47,205353.84,205358.09,205359.27000000002,205358.4,205358.2,205356.99,205358.91999999998,205357.06,205358.52000000002,205357.58000000002,205356.25,205356.53,205358.49,205357.78,205357.88,205076.24,205084.34,205084.88,205083.43,205082.22,205079.93,205080.96000000002,205081.1,205079.74,205077.93,205077.78,205085.01,205065.62,205066.01,205065.9,205065.85,269.7772588759252,205088.10274112408
20,10.5,138.36,1025.31,20.99,890.44,1.214,-5.080394614160361,-2.8882407738798217,-3.360030886692079,-2.149775438310244,-1.8658810588665145,-1.6117322183337117,-1.4149312987819194,-1.274480623750597,-1.1474062034841417,-1.0481928221479981,-0.9252569116430371,-0.8725648141437612,-0.7995496776370641,-0.7347376586934742,-0.625658365693573,-0.5424078077232845,-0.46758207319596046,-0.3927563386686365,-0.32229081978287893,-0.26187596746079583,-0.2111422719022308,-0.158080664602906,-0.11174413566595529,-0.08048360657457004,-0.04068740109996891,-5.070454800536723,0.11147673459557077,0.9688133728686041,0.8582190896882443,0.6425362193493935,0.49942507375720274,0.4128858785656616,0.3488128792221695,0.2987073503238812,0.25473568410784564,0.219114939374894,0.18796526322354495,0.15940215567296837,0.13641864610467877,0.11738889139764368,0.09769401905049906,0.0826180192050411,0.07245649970133043,0.06329265665794537,0.05915414689645133,0.056456725355427596,0.05664148025545205,0.056382823395439326,-0.04068740109996891,205352.68,205353.66999999998,205353.66,205352.53999999998,205352.53,205353.28999999998,205354.41999999998,205353.69,205352.83000000002,205353.38,205353.49,205352.85,205353.39,205352.68,205353.09,205353.64,205352.74,205352.05,205352.7,205351.49,205337.47,205313.76,205291.66999999998,205274.7,205275.61,205297.61,205322.22,205341.34,205350.36,205353.09,205351.87,205353.41,205352.93,205350.16999999998,205353.78,205354.94,205354.02000000002,205353.89,205352.7,205354.8,205352.87,205354.21000000002,205353.08000000002,205352.0,205352.21000000002,205354.07,205353.68,205353.47,205071.59,205079.78,205080.36,205078.91,205077.66999999998,205075.28,205076.13,205076.56,205075.18,205073.32,205073.19,205080.46000000002,205061.2,205062.02000000002,205061.91,205061.82,270.62881678235107,205082.84118321765
21,10.75,138.52,1025.3,21.02,890.04,1.214,-5.276497623623698,-3.0231309337529524,-3.5829110068893892,-2.1091470390375373,-1.9207328982475163,-1.6524134460354392,-1.4474646264846838,-1.3023063863814113,-1.1684788301611257,-1.0658014276778267,-0.9423080456831077,-0.8836985147184576,-0.8103996932476271,-0.7419726967686298,-0.6318768335019895,-0.5486498232216501,-0.4708851621747217,-0.39644219998596886,-0.3255054754810188,-0.26634232803991664,-0.2178455247102952,-0.16971779903149858,-0.12498558774112849,-0.09789528816428966,-0.05880996493285028,-5.270555473443977,0.04973577220002486,0.9654174241097071,0.8679071087391376,0.6522181295468654,0.5055835788398639,0.4188872386409546,0.35326523230912854,0.30188962330229985,0.256751426595872,0.22013892362558216,0.18799226023117532,0.15776480062157333,0.13473435520477464,0.11473034652547018,0.09439416796025149,0.07845001344087973,0.06741459167868159,0.05752331063429831,0.0526883934073756,0.04903452466328577,0.04800110724073987,0.04722604417385729,-0.05880996493285028,205352.22,205353.12,205353.34,205351.96000000002,205351.96000000002,205352.85,205354.06,205353.08000000002,205352.47999999998,205352.83000000002,205352.96000000002,205352.41999999998,205352.91999999998,205352.2,205352.72999999998,205352.94,205352.22,205351.52000000002,205352.13,205351.35,205339.03999999998,205316.66,205294.15,205273.56,205270.24,205289.39,205314.13,205335.71000000002,205348.2,205352.36,205351.5,205353.0,205352.35,205349.76,205353.07,205354.28,205353.43,205353.31,205352.08000000002,205354.08000000002,205352.11,205353.56,205352.49,205351.08000000002,205351.47,205353.3,205353.02000000002,205352.75,205068.83000000002,205077.13,205077.7,205076.27000000002,205075.06,205072.34,205073.44,205073.83000000002,205072.5,205070.61,205070.47,205077.81,205058.28999999998,205060.02000000002,205059.9,205059.82,270.9456932795209,205081.80430672047
22,11.0,138.25,1025.29,21.04,890.24,1.214,-4.773064610931186,-3.428037815952261,-3.8245453988001827,-2.1464330042397957,-1.9469218673748865,-1.6643889506653329,-1.4542643390498136,-1.3031979824060518,-1.1698823849273474,-1.0661144053086695,-0.9382719585724357,-0.880360106796634,-0.8030703429324164,-0.7357653810984427,-0.6205703502673136,-0.5354776485200953,-0.459038441865798,-0.3834867731698236,-0.31514635038467054,-0.26056276595228345,-0.21518738783670197,-0.17110633591036364,-0.1285414946626071,-0.10561343074122274,-0.07099945036943098,-4.765816384272285,-0.03538698979464711,0.9598019266409659,0.8776676847545366,0.6642148057956025,0.516772562481399,0.42938705434205304,0.3636722646832507,0.3113075251466169,0.2658951662827405,0.2284336682949366,0.1956317445879777,0.16493772353188751,0.14119608314877002,0.12052384487111087,0.09951877985922866,0.08298838538682489,0.07133944968481994,0.060652013437512246,0.055067920450157175,0.050408346169419777,0.0484483665116228,0.046081598622905444,-0.07099945036943098,205349.22,205350.13,205350.35,205349.12,205349.03999999998,205350.0,205351.05,205350.14,205349.44,205349.88,205350.01,205349.38,205349.96000000002,205349.19,205349.72999999998,205350.09,205349.18,205348.56,205348.85,205346.3,205331.83000000002,205308.47999999998,205285.97999999998,205268.31,205268.12,205288.33000000002,205311.89,205332.33000000002,205344.28,205349.02000000002,205348.51,205349.87,205349.47,205345.09,205350.11,205351.31,205350.36,205350.28,205349.06,205351.01,205349.32,205350.6,205349.53,205348.26,205348.72999999998,205350.44,205349.91999999998,205349.81,205067.14,205075.4,205075.97,205074.53,205073.21000000002,205070.3,205071.12,205071.83000000002,205070.8,205068.87,205068.72999999998,205076.06,205056.74,205058.02000000002,205057.88,205057.84,270.41096977228744,205079.3990302277
23,11.25,137.98,1025.27,21.11,889.98,1.214,-4.973181629123291,-3.6117429409107094,-4.095631347349347,-2.2696464495094935,-1.9862202743928088,-1.6771527195950797,-1.4607202069976577,-1.3085393596706132,-1.1714765512307543,-1.063056497839228,-0.9325151963703205,-0.8742292278178206,-0.7955635499809901,-0.7249385938073203,-0.6118126802721541,-0.5283299802409396,-0.4474410613914906,-0.3714062187533404,-0.3067099052804177,-0.2541302553273924,-0.21192573010089033,-0.17446411903494288,-0.13518686114200754,-0.11829022944464082,-0.08442285801607796,-4.966474852067981,-0.1065441060935671,0.9548682074399572,0.8869111404817744,0.6762220005008496,0.5278577169124623,0.43937272460250576,0.37297192635323145,0.32013289828201885,0.2736301070973996,0.23550152372763425,0.20218996255225294,0.17139807452480785,0.1463866131306667,0.12515466145837592,0.10351511560034678,0.08628499775107112,0.07390895611298638,0.062348102846378414,0.05593775792617126,0.050453763427861495,0.04741533404376631,0.04396931047382491,-0.08442285801607796,205344.25,205345.22,205345.44,205343.96000000002,205344.12,205344.96000000002,205346.05,205345.3,205344.66999999998,205344.81,205345.06,205344.59,205344.88,205344.39,205344.77000000002,205345.12,205344.52000000002,205343.52000000002,205343.22999999998,205338.39,205320.34,205296.07,205274.84,205260.13,205261.7,205283.86,205308.06,205328.01,205339.81,205344.13,205343.57,205345.16,205344.66999999998,205340.97999999998,205344.72,205346.46000000002,205345.41999999998,205345.33000000002,205344.18,205346.25,205344.41,205345.72999999998,205344.86,205343.51,205343.7,205345.51,205345.15,205345.03999999998,205063.46000000002,205071.7,205072.33000000002,205070.91,205069.44,205066.35,205066.94,205068.0,205067.21000000002,205065.25,205065.06,205072.41,205053.21000000002,205054.01,205053.86,205053.86,269.8762736663269,205075.16372633365
24,11.5,137.33,1025.16,21.14,890.18,1.214,-5.218828909709377,-3.774652950883015,-4.162717763557844,-2.434799893823494,-2.047256323341482,-1.718278036399636,-1.489341018925052,-1.333712992734836,-1.1940200850156626,-1.0789372551223262,-0.9468768223718791,-0.881796011419658,-0.7992163554172927,-0.7249393429173527,-0.6150689349538119,-0.536175205887497,-0.4466332434503216,-0.37176052558706935,-0.3103284099856511,-0.2621879703051846,-0.22369051119497552,-0.19252767437172796,-0.15566840501079032,-0.14379152932784078,-0.10905446032417743,-5.2139515720464855,-0.1622956271788049,0.9498118231329736,0.8931453504388126,0.6823028833776852,0.5331903845997407,0.44141452704976475,0.3749561474445724,0.32082142254486806,0.27312776188704835,0.23392290265778395,0.19952091792091606,0.16768791256386087,0.1421098135225604,0.11995702032079353,0.09743191126698351,0.07948628719430077,0.06608291651771439,0.05361033547123581,0.04627571318438262,0.03983464894249794,0.03551578505777917,0.03130861592869501,-0.10905446032417743,205323.61000000004,205324.55000000005,205324.79000000004,205323.52000000002,205323.36000000004,205324.37000000002,205325.39,205324.52000000002,205324.04000000004,205324.26,205324.35000000003,205323.89,205324.42000000004,205323.62000000002,205323.72000000003,205324.46000000002,205323.59000000003,205322.51,205322.00000000003,205317.12000000002,205298.88000000003,205273.85000000003,205253.17000000004,205238.62000000002,205239.28000000003,205259.93000000002,205283.98000000004,205304.76,205317.84000000003,205322.96000000002,205322.86000000004,205324.28000000003,205324.14,205319.83000000002,205324.2,205325.96000000002,205325.13000000003,205325.05000000005,205323.77000000002,205325.73000000004,205323.87000000002,205325.30000000005,205324.15000000002,205322.90000000002,205323.13000000003,205324.99000000005,205324.54000000004,205324.45,205041.66000000003,205050.02000000002,205050.65000000002,205049.26,205047.77000000002,205044.18000000002,205044.93000000002,205046.10000000003,205045.48000000004,205043.54000000004,205043.31000000003,205050.69000000003,205031.47000000003,205032.00000000003,205031.81000000003,205031.78000000003,268.58915468669085,205055.86084531332
25,11.75,136.98,1025.24,21.15,890.02,1.214,-5.365936797768617,-3.875396562448719,-3.8250039021676874,-2.476458985150707,-2.0554376404767836,-1.7188519976959487,-1.4915251079838698,-1.3317243830482515,-1.1877133583339536,-1.0681521058301473,-0.9310467419691977,-0.8671040552570268,-0.7806899748492054,-0.7045037380835735,-0.588563291540705,-0.5094281509511895,-0.4238352842664708,-0.35253900194302407,-0.2974056988058555,-0.2565689800299589,-0.22745322075651747,-0.20475785968174015,-0.17276785237738512,-0.16343587825126815,-0.13376020053028137,-5.356828791021519,-0.21539631018564387,0.9420297767284176,0.8986547609902433,0.6891332779106478,0.5405682498229091,0.44836834545682996,0.3804689017151942,0.32582086123270976,0.2775185631559196,0.23757771389620416,0.20260147487153515,0.17016353280914387,0.14381003787699825,0.12107734890568171,0.09759810200444964,0.07889682585567646,0.06441360201192554,0.05105021506326521,0.042576782556790115,0.034924563773417655,0.028914772436141836,0.022643685823417303,-0.13376020053028137,205338.53999999998,205339.52000000002,205339.62,205338.47,205338.46000000002,205339.22,205340.2,205339.47,205338.77000000002,205339.27000000002,205339.31,205338.84,205339.16999999998,205338.5,205338.47,205339.41,205338.46000000002,205337.59,205336.96000000002,205332.03999999998,205314.78999999998,205290.1,205269.21000000002,205253.58000000002,205252.49,205271.33000000002,205294.18,205315.89,205330.52000000002,205337.11,205337.44,205339.16999999998,205339.03,205334.85,205339.19,205341.06,205340.12,205339.91,205338.75,205340.68,205339.03,205340.44,205339.21000000002,205337.89,205338.21000000002,205340.08000000002,205339.44,205339.64,205057.9,205066.22999999998,205066.88,205065.53,205064.01,205060.22999999998,205060.95,205062.28999999998,205061.74,205059.83000000002,205059.6,205066.91999999998,205047.36,205048.05,205047.81,205047.72,267.8961563988229,205071.7438436012
26,12.0,138.99,1025.26,21.17,889.91,1.214,-5.522739257262297,-3.9230427693305376,-3.9715942124480583,-2.4720534666443994,-2.052267390658779,-1.7076624887129286,-1.4746891245410292,-1.313586608741813,-1.171683981811721,-1.044236443628082,-0.900825779449735,-0.8306836567033196,-0.7371485659093919,-0.6613421081325617,-0.5422807283055923,-0.4651869216583056,-0.3831276265103355,-0.31817168064240225,-0.2755420423293235,-0.24972150212591918,-0.23427331567937207,-0.22250326886294505,-0.20253097067141876,-0.19513791001484318,-0.1600484579435748,-5.515382978002057,-0.23780432972425736,0.9417750496551839,0.90572928128005,0.6992017410488297,0.5492807697251015,0.4570330278017374,0.38850928649258337,0.33322684785188306,0.28434437216755737,0.2438112734436728,0.20839078880559941,0.17436799722698879,0.14803251747531626,0.12441886105000538,0.10017992088741993,0.0804283110736923,0.06531115719395021,0.05074572425859767,0.040961872842572494,0.0318768679560646,0.023968867751434912,0.015067769846497249,-0.1600484579435748,205345.33000000002,205346.21000000002,205346.44,205345.14,205345.13,205345.94,205347.2,205346.13,205346.03,205345.76,205346.02000000002,205345.34,205345.97,205345.35,205345.28,205346.03999999998,205345.26,205344.03999999998,205342.43,205335.51,205316.35,205291.35,205270.55,205257.25,205258.18,205277.9,205301.37,205322.38,205337.25,205344.15,205344.46000000002,205346.26,205345.84,205340.86,205345.66,205347.52000000002,205346.75,205346.62,205345.27000000002,205347.14,205345.41,205346.74,205345.85,205344.41999999998,205344.78,205346.68,205346.08000000002,205346.19,205061.52000000002,205069.87,205070.53999999998,205069.15,205067.35,205063.19,205063.53,205065.31,205065.41999999998,205063.44,205063.18,205070.53,205050.8,205052.0,205051.88,205051.88,271.8765736382217,205074.31342636177
27,12.25,138.61,1025.24,21.18,889.79,1.213,-5.665918164273038,-3.980526608316642,-4.0082998842030655,-2.4712168838107256,-2.0483844339258974,-1.7034868206258529,-1.466620980329265,-1.2961823244571054,-1.1531481094665361,-1.019076585100465,-0.8701778935281825,-0.7928331929518396,-0.6892274400098106,-0.6075673698733614,-0.4858149346789431,-0.41197416665119446,-0.3422274671804809,-0.2996639075880719,-0.27639041876417136,-0.2671695436358397,-0.2643295140963522,-0.2561044934818417,-0.24017082126005884,-0.235486616694905,-0.19181655208713916,-5.657361192153921,-0.2644770480984356,0.9356014081036561,0.9082707342233755,0.7028296363641032,0.5546317313015825,0.4592509989741714,0.39031573651475526,0.33462165073950323,0.28490269204760765,0.24359317147263887,0.2072998069676457,0.17321945249325887,0.14537240960563286,0.12088176526483979,0.09569033441428493,0.0748511566241695,0.058474882396243884,0.04276251117763973,0.03158681052210605,0.020927478873703127,0.011116467737252706,5.141758325471451e-05,-0.19181655208713916,205341.47999999998,205342.45,205342.58000000002,205341.33000000002,205341.34,205342.07,205343.24,205342.22,205342.1,205341.87,205342.15,205341.49,205342.11,205341.41999999998,205341.27000000002,205342.25,205341.37,205340.3,205338.53999999998,205332.49,205313.72,205288.7,205268.36,205253.47,205252.45,205269.53999999998,205291.51,205314.22999999998,205330.28,205338.89,205340.13,205342.3,205342.37,205336.85,205342.19,205344.07,205343.2,205343.08000000002,205341.78999999998,205343.77000000002,205341.72999999998,205343.25,205342.47,205340.88,205341.21000000002,205343.2,205342.56,205342.63,205058.18,205066.49,205067.22,205065.81,205064.01,205059.44,205059.77000000002,205061.71000000002,205062.08000000002,205060.09,205059.87,205067.16,205047.53999999998,205048.0,205047.88,205047.81,271.1239405377705,205071.50605946223
28,12.5,137.44,1025.23,21.22,890.13,1.213,-5.496706693285044,-4.0223401270084755,-4.140380223768486,-2.435550877968285,-2.019453026640974,-1.6731078325545996,-1.4301825782704758,-1.2525086097467109,-1.1070510685137065,-0.965388071834889,-0.8216417957929375,-0.724360089827642,-0.6167363898822189,-0.5319915615118742,-0.41436068034085,-0.36585003231839813,-0.31875303814948597,-0.29550215240254313,-0.28449053291271303,-0.2822956492982146,-0.284936949919037,-0.27853830616158226,-0.2655550115604158,-0.2609420358282569,-0.2168211550348019,-5.484802239782566,-0.27649222821578634,0.933781477392633,0.9115350299100273,0.7090105146998475,0.5605768600912778,0.465713246243751,0.3962209989233142,0.3401212617931381,0.289936549996863,0.24797335140089316,0.21114394837764908,0.17639782471753893,0.14790153914596452,0.12260457545333399,0.09652638199952825,0.07468915010601684,0.05713008118992127,0.040612651955392674,0.02796417010896915,0.01576210526897787,0.004155263104121322,-0.009200045668909659,-0.2168211550348019,205336.47999999998,205337.22999999998,205337.3,205336.28999999998,205336.27000000002,205336.97999999998,205337.99,205337.25,205336.7,205336.97,205337.12,205336.47,205336.94,205336.25,205336.01,205337.08000000002,205335.99,205334.39,205332.16999999998,205322.75,205304.13,205279.26,205259.03,205246.74,205248.53,205266.66999999998,205287.78999999998,205309.58000000002,205324.88,205333.47999999998,205334.46000000002,205336.81,205336.58000000002,205331.39,205336.66,205338.47999999998,205337.64,205337.63,205336.26,205338.41,205336.53,205337.89,205336.86,205335.44,205335.85,205338.03,205337.03,205337.1,205056.06,205064.28999999998,205065.02000000002,205063.66,205061.72999999998,205057.2,205057.08000000002,205059.68,205059.78,205057.89,205057.74,205064.97999999998,205045.65,205046.07,205045.86,205045.78999999998,268.8069636582246,205068.29303634178
29,12.75,139.17,1025.25,21.23,890.09,1.213,-5.2978013368586625,-4.020513614791576,-4.155912284512555,-2.4241610947870327,-1.999231140545909,-1.6466656408219293,-1.400112230304433,-1.2188337617549587,-1.056546370863093,-0.9108623979619394,-0.7614316360452122,-0.6536563520079212,-0.5482319944117425,-0.4679698963813205,-0.37308797454473847,-0.34873384594324475,-0.3214410592903335,-0.3124781522333712,-0.30983335998705275,-0.31038435837168016,-0.3145719460950623,-0.30928236160242534,-0.29745426294529365,-0.2946625377963722,-0.24441148511642793,-5.2842467765962935,-0.2870954933138707,0.9338801938421563,0.917019643272023,0.713333907080143,0.5670254693430069,0.47012322009608865,0.4000362255688092,0.34317319227301524,0.29229767475719554,0.24968713301100082,0.21199884350098913,0.176734946883445,0.14720143346634665,0.12101064358269024,0.094085189186126,0.07131058928726645,0.052503177757938085,0.034871229449219464,0.020765670802223187,0.007027444411573914,-0.006012850691738097,-0.021367339010592144,-0.24441148511642793,205344.03999999998,205344.82,205344.93,205343.55,205343.87,205344.37,205345.89,205344.72,205344.66999999998,205344.39,205344.47999999998,205343.99,205344.6,205343.72,205343.72999999998,205344.69,205343.6,205341.96000000002,205339.41999999998,205330.39,205311.76,205287.83000000002,205269.03999999998,205255.49,205254.53999999998,205270.52000000002,205290.41,205312.16,205328.7,205338.76,205341.41999999998,205344.36,205344.05,205341.72,205344.13,205345.97999999998,205345.09,205345.03999999998,205343.72,205345.72999999998,205343.58000000002,205345.16,205344.22999999998,205342.74,205343.09,205345.2,205344.44,205344.36,205059.69,205068.22999999998,205069.0,205067.65,205065.58000000002,205060.36,205060.65,205062.78,205063.22999999998,205061.5,205061.46000000002,205068.84,205049.12,205050.03,205049.76,205049.51,272.2331029983148,205072.12689700167
30,13.0,134.61,1025.22,21.28,889.79,1.213,-5.131841537953779,-4.066587325930132,-4.454650187817887,-2.4347780525718465,-2.0140410119857495,-1.652839364446323,-1.3906480770087841,-1.2124218301792373,-1.0368931027540353,-0.8801710246957599,-0.7304397011496464,-0.6260722954705917,-0.5222367950262121,-0.4556346610052195,-0.3816998333928995,-0.3741391804149827,-0.3565103212104245,-0.3514952147125331,-0.34818980361168533,-0.3520271199472082,-0.35685226028970046,-0.35229307256443515,-0.34074313032689735,-0.34017323186125303,-0.28664076931966387,-5.111097233803551,-0.30202802789261396,0.9274709219361449,0.9148191759982877,0.7118973289900823,0.5605322965089743,0.46216782133500145,0.39123445897500125,0.33295284255296886,0.28067415663579726,0.2369059544725427,0.19792489942092173,0.16110945853885983,0.13079086016547514,0.10347372704452085,0.07524475637853562,0.05123303435842906,0.030678696363489525,0.01240395223101678,-0.0029073198798842464,-0.01840855814607377,-0.032732006249673644,-0.049183075291973924,-0.28664076931966387,205333.15,205333.81,205333.97999999998,205332.7,205332.88,205333.78,205334.72,205333.94,205333.37,205333.59,205333.76,205333.24,205333.72999999998,205332.97,205332.69,205333.83000000002,205332.81,205331.13,205329.01,205319.7,205302.31,205278.75,205260.03999999998,205246.46000000002,205243.86,205257.88,205276.78999999998,205298.19,205315.28,205326.83000000002,205330.0,205333.38,205333.49,205330.61,205333.64,205335.63,205334.6,205334.47,205333.28999999998,205335.27000000002,205333.86,205334.88,205333.86,205332.37,205332.78999999998,205335.01,205334.03,205334.09,205054.57,205062.8,205063.63,205062.28,205060.22,205054.37,205054.64,205056.0,205057.71000000002,205056.09,205056.12,205063.39,205043.85,205044.03,205043.89,205043.8,263.20477951205856,205070.88522048795
31,14.0,137.6,1025.28,21.38,889.93,1.213,-4.544177379049669,-3.5825381089764474,-4.4461927285403,-2.228105611548521,-1.75702127360465,-1.3938426713753556,-1.1161637584983188,-0.9184852068450146,-0.7317681538265597,-0.6004159583199148,-0.48414975754491896,-0.46490210909448526,-0.44112123070000847,-0.44260753559974436,-0.4083110500402957,-0.42443745820147866,-0.4257751326111112,-0.4277073289807246,-0.4297509982176993,-0.4346558043865682,-0.4406381816076051,-0.4401922901377276,-0.4329837113744194,-0.4314230912298481,-0.37085616656917864,-4.527828025153547,-0.21282479811385313,0.9296234630016221,0.917733023804492,0.7184195367614564,0.572538710860834,0.4727333368494292,0.4005360763489859,0.3415669294553054,0.2880227954454231,0.242764811251125,0.20185426888824087,0.16250434667014432,0.12999142699031388,0.10052543235468248,0.06987039379941375,0.042522383645808695,0.0192245543438434,-0.0021782362110343177,-0.021463042283993837,-0.04059921786706628,-0.05921518673520953,-0.07980050959527575,-0.37085616656917864,205348.43,205348.99,205349.1,205347.91999999998,205348.28999999998,205348.96000000002,205349.96000000002,205348.96000000002,205348.97999999998,205348.56,205348.84,205347.86,205348.78999999998,205348.05,205347.94,205348.9,205347.68,205345.46000000002,205341.55,205330.02000000002,205310.44,205286.46000000002,205269.53,205259.72999999998,205261.37,205278.06,205295.74,205316.3,205331.52000000002,205341.63,205344.85,205348.24,205348.7,205343.66999999998,205348.78,205350.72999999998,205349.97999999998,205349.72,205347.58000000002,205350.6,205348.78999999998,205349.9,205348.89,205347.56,205347.87,205349.68,205349.31,205349.6,205065.3,205075.25,205076.37,205075.05,205072.24,205060.33000000002,205064.47,205058.36,205058.87,205059.7,205064.31,205075.66999999998,205054.89,205056.01,205055.9,205055.94,269.12378482662393,205080.47621517337
32,13.75,137.35,1025.28,21.48,889.76,1.212,-4.734419587294766,-3.786419813140465,-4.53879645004579,-2.2739979634451735,-1.8324592325394389,-1.4706215742979396,-1.193101024689761,-0.9994136444603615,-0.8081087344085195,-0.6608422965480726,-0.5196809385180908,-0.4814125112883234,-0.44329298844480236,-0.43826746541375616,-0.4103478930185737,-0.4156339987253343,-0.41470334631216155,-0.41998945201892207,-0.41507560727734394,-0.42132959149394716,-0.42505220114663816,-0.42572227088409653,-0.4179792428065469,-0.4176442079377094,-0.36016711490015185,-4.720832062062466,-0.24897276457428927,0.9287864773441039,0.9202617012393028,0.7160021095961655,0.5672094017782106,0.47191059466919116,0.39924525424881036,0.33972072590220775,0.2858917903243264,0.2413693788780641,0.20071848147073915,0.1621150193723509,0.12961663710431953,0.10050582962035834,0.07035269143343129,0.04328931925840679,0.020879209149246025,-0.0003768919676975409,-0.018431548783162173,-0.036895692660587495,-0.05476421899346092,-0.07572251133812853,-0.36016711490015185,205349.95,205350.41,205350.36,205349.39,205350.16,205349.35,205351.31,205350.2,205349.91999999998,205349.9,205349.99,205349.22999999998,205350.25,205349.32,205349.16,205349.53,205349.2,205346.95,205344.7,205335.44,205317.83000000002,205293.93,205274.83000000002,205261.57,205259.53999999998,205272.28999999998,205289.28,205310.35,205328.91,205341.1,205345.4,205349.24,205349.5,205345.08000000002,205349.94,205351.53,205350.77000000002,205350.34,205348.31,205351.28,205349.96000000002,205350.62,205349.7,205348.24,205348.64,205350.53,205350.08000000002,205350.59,205065.66999999998,205075.24,205076.25,205074.91999999998,205072.3,205062.43,205064.97999999998,205061.88,205063.64,205063.37,205066.03,205075.72999999998,205055.69,205056.02000000002,205055.91,205055.89,268.62875597959146,205081.9612440204
33,13.5,139.11,1025.24,21.5,889.88,1.212,-4.777279031685895,-3.8417161494619143,-4.44624161935678,-2.2731838633796593,-1.8500895329907159,-1.4932908833123546,-1.2245434814071001,-1.038298187703346,-0.8497744393409313,-0.703108108012626,-0.5438000282562226,-0.4817672627131943,-0.42307868062055415,-0.4044468013965201,-0.3768848498815566,-0.3730629259381184,-0.37335692008767124,-0.3768113513442219,-0.3726586839826169,-0.37861206550983195,-0.38173575334810894,-0.38169900407949503,-0.3743491503421714,-0.37317317374428094,-0.3194089936557417,-4.769561685261683,-0.2545097851550545,0.9310951212125982,0.921025821592499,0.7160384008584412,0.5727530022493519,0.4779398890379202,0.40649931071112627,0.3481782213054806,0.29544302074005546,0.25211563295860984,0.21268366765793717,0.1751626643288232,0.14355829325831032,0.11548185198178978,0.08641318045066212,0.06043144748919753,0.03908012238228103,0.018904773873255017,0.0019266117400546165,-0.015455792348647244,-0.031992963257625344,-0.05154357419893179,-0.3194089936557417,205341.33000000002,205341.22,205341.76,205340.8,205341.45,205340.82,205342.66,205341.56,205341.13,205341.47999999998,205341.39,205340.56,205341.55,205340.84,205340.57,205340.95,205340.55,205339.31,205337.88,205331.22999999998,205315.45,205293.74,205274.56,205256.91999999998,205250.02000000002,205259.6,205275.41999999998,205296.37,205314.76,205329.58000000002,205335.45,205339.34,205340.59,205336.71000000002,205341.46000000002,205342.84,205342.1,205341.75,205339.63,205342.71000000002,205341.3,205342.05,205341.18,205339.72,205340.25,205341.9,205341.35,205341.95,205057.9,205066.7,205067.64,205066.33000000002,205064.15,205055.58000000002,205057.53,205055.93,205058.62,205058.0,205058.94,205067.24,205047.05,205048.0,205047.91999999998,205047.91,272.1142585251345,205069.83574147488
34,13.25,138.28,1025.28,21.52,889.97,1.212,-4.92338424381678,-3.9347732251824366,-4.425436930941569,-2.3492391766720178,-1.9263832650776738,-1.569856242650103,-1.306980879229962,-1.123892440459757,-0.9428744686868378,-0.7924698303756054,-0.6337093788248241,-0.5445683800617381,-0.45450306567470455,-0.41420290447529845,-0.3720541120282122,-0.36440077866279047,-0.35700625367206984,-0.3588179122948696,-0.353235045926841,-0.3571911167969024,-0.36003800891829113,-0.359076720669463,-0.3485025499326765,-0.34890924880722207,-0.302730440240206,-4.913808333953809,-0.2775890552716912,0.9290865053390428,0.919436650226204,0.7139428007340166,0.567309370168013,0.473361930160894,0.40211568187523156,0.3436249891987129,0.2912347796394097,0.2483465346933159,0.20908160699260642,0.17214595466388352,0.1410150044529022,0.11354434411240076,0.08518634077304728,0.0600819284295205,0.03937725845548113,0.020040575604815467,0.004105374249821048,-0.01231047122958743,-0.027654110585418886,-0.04569675156279452,-0.302730440240206,205348.66999999998,205348.41999999998,205349.11,205348.15,205348.91,205348.18,205350.07,205349.07,205348.6,205348.72999999998,205348.91,205348.16,205348.87,205348.3,205347.89,205348.31,205348.22999999998,205346.87,205346.55,205341.13,205328.07,205307.78999999998,205288.83000000002,205267.93,205257.28999999998,205261.56,205274.9,205295.33000000002,205315.84,205333.19,205340.94,205346.12,205348.16999999998,205342.8,205348.88,205350.36,205349.44,205349.22999999998,205347.35,205350.22,205348.86,205349.63,205348.58000000002,205347.5,205347.85,205349.37,205348.84,205349.5,205066.03999999998,205074.47,205075.36,205074.01,205072.22999999998,205064.66,205066.22,205065.26,205068.2,205066.99,205067.37,205075.06,205054.9,205056.0,205055.91999999998,205055.91999999998,270.4703821421641,205079.02961785783
35,13.0,138.81,1025.29,21.55,889.79,1.212,-5.028615422973095,-3.9681412769456443,-4.29787750773621,-2.3731578136542937,-1.951641990868807,-1.5948727662884312,-1.341705464774517,-1.1680534678821517,-0.9930019427009227,-0.848077105421677,-0.6912562776873057,-0.5950202929831937,-0.48898761025714427,-0.42582468880001967,-0.3656818020713769,-0.34700914832279545,-0.331945804371911,-0.3312092105356332,-0.3252428004621474,-0.32763673042988944,-0.3309514026929253,-0.326126713065595,-0.315151464905763,-0.31533561336477883,-0.27139779103339046,-5.017861152964125,-0.27916885600561764,0.9279242931243886,0.9161756214364328,0.7097820285233729,0.5644888943260955,0.47281979140660585,0.40140701898357706,0.34376855129832173,0.29224381245361486,0.2501843044045527,0.2116604467694954,0.17542003002674925,0.14555114996747393,0.11877596402026529,0.09141150300416304,0.06717756579197351,0.047510510364620694,0.029390301993194035,0.014474276809372206,-0.0005890671415122456,-0.0147316687973174,-0.03130503011260353,-0.27139779103339046,205350.08000000002,205349.8,205350.39,205349.5,205350.25,205349.56,205351.25,205350.26,205349.78999999998,205350.01,205350.16,205349.31,205350.38,205349.61,205349.15,205349.62,205349.19,205346.88,205342.99,205330.15,205309.28999999998,205285.55,205268.03,205259.46000000002,205263.12,205281.91,205302.08000000002,205323.57,205337.81,205346.39,205347.83000000002,205349.43,205350.09,205344.82,205350.78999999998,205352.11,205350.9,205350.89,205349.02000000002,205352.1,205350.56,205351.33000000002,205350.13,205349.16,205349.59,205350.97999999998,205350.89,205351.45,205067.99,205076.44,205077.25,205075.86,205073.47999999998,205067.68,205067.97999999998,205069.77000000002,205071.18,205069.47,205069.51,205077.1,205057.31,205057.99,205057.91,205057.83000000002,271.5200564564721,205079.92994354354
36,12.75,137.79,1025.22,21.56,890.21,1.212,-5.24838537903221,-4.043376203027899,-4.223264870780529,-2.4292019405323857,-2.0002965959463994,-1.6493133227877277,-1.4005192804441557,-1.22471224500431,-1.0598885110609941,-0.9196287824913744,-0.7653801868132448,-0.6671983768144787,-0.5553616514417711,-0.4706121223273779,-0.3894247450495336,-0.3541742841656508,-0.32983291328163084,-0.3248978487578268,-0.3171427473633855,-0.3153987771933365,-0.3194433037578953,-0.3134692782817285,-0.3011872755948264,-0.301150169846601,-0.25795907882682595,-5.242374247807818,-0.2942856064112969,0.9273840505791516,0.9129499144908572,0.7040816573168543,0.5566234135773621,0.4660111762315863,0.39469392800124214,0.3370315951449473,0.2857143452476132,0.24389616691476937,0.2058998806568081,0.16942493007911155,0.14055665790263078,0.11435999960366962,0.08745833208702218,0.06400749916213946,0.045120673278050985,0.027718077325893868,0.013840527462060237,8.334666798053141e-08,-0.01313535155114597,-0.028571342843469735,-0.25795907882682595,205335.64,205335.28,205335.84,205335.26,205335.66999999998,205335.22999999998,205336.71000000002,205335.88,205335.35,205335.47,205335.69,205334.86,205335.76,205335.0,205334.61,205335.05,205335.0,205333.12,205331.08000000002,205321.66,205303.39,205279.15,205259.66,205245.81,205244.59,205261.35,205281.18,205302.77000000002,205319.31,205330.39,205332.85,205334.96000000002,205335.61,205331.19,205336.16999999998,205337.6,205336.01,205336.56,205334.7,205337.51,205336.07,205336.91999999998,205335.78,205334.83000000002,205335.1,205336.45,205336.28999999998,205336.94,205053.91999999998,205062.16,205062.93,205061.57,205059.43,205054.14,205054.24,205056.36,205057.49,205055.66,205055.52000000002,205062.81,205043.19,205044.0,205043.93,205043.9,269.5000224619353,205067.43997753807
37,12.5,136.87,1025.27,21.57,890.22,1.212,-5.4513244866382555,-3.9909150961092466,-4.180844527743672,-2.4336730763915426,-2.0076767528418182,-1.6640927672516521,-1.419732339965898,-1.2491918491299314,-1.0932584408604447,-0.9667259890615878,-0.815910663430647,-0.7236731011361534,-0.6064428579283215,-0.5224988310041747,-0.41498173732919824,-0.3575247220157269,-0.316692135710418,-0.30227184448084704,-0.29050399023927526,-0.28463874225211505,-0.28740325404219447,-0.27970745095080424,-0.2665199825465066,-0.2616634077801333,-0.2230349592534159,-5.439407199326918,-0.27197428959194525,0.9339879414442019,0.9126937290067926,0.7044213880623804,0.555287184466012,0.46659865757778946,0.39632775653449065,0.33954319003480476,0.2889974541966405,0.24797807655409654,0.21080660045724764,0.17550303773220624,0.14726018755212963,0.1220059987668363,0.09607936116764874,0.07377647550945243,0.056106015013251714,0.03974309387715315,0.027302790821578493,0.01497456256841014,0.003318783129027251,-0.010018118344928016,-0.2230349592534159,205342.97999999998,205342.59,205343.26,205342.41,205343.15,205342.55,205344.06,205343.35,205342.39,205343.12,205343.15,205342.36,205343.08000000002,205342.4,205341.97,205342.64,205342.41999999998,205341.0,205340.15,205332.4,205315.97,205292.44,205272.31,205256.53999999998,205253.87,205268.97,205288.43,205310.81,205327.18,205337.87,205340.1,205342.18,205342.58000000002,205338.55,205343.28,205344.64,205343.03,205343.32,205341.95,205344.52000000002,205343.28,205343.97,205342.81,205342.16,205342.41999999998,205343.47999999998,205343.08000000002,205343.72999999998,205063.83000000002,205072.0,205072.77000000002,205071.41999999998,205069.65,205064.85,205065.09,205067.05,205067.51,205065.69,205065.5,205072.62,205052.83000000002,205054.0,205053.88,205053.72999999998,267.67836644655404,205076.05163355343
38,12.25,136.63,1025.3,21.59,890.13,1.212,-5.643670331760417,-4.016519185224072,-4.133733348500971,-2.4656770038606863,-2.0434515280976746,-1.6965619752837044,-1.45955134436652,-1.3001595431545736,-1.1423021546800824,-1.0224682623389518,-0.8715718682353661,-0.7921566528862166,-0.677487369271862,-0.5914854065610143,-0.47988494842189733,-0.39949669084883094,-0.33763366023059505,-0.3034274835909958,-0.28175858175912977,-0.2688096352413449,-0.2666390025880085,-0.2617737914686416,-0.24687876050313182,-0.24152702827169759,-0.20294216162468998,-5.634276731829829,-0.26285910779530985,0.9350681439062731,0.90363139513472,0.6970096213634827,0.5472359682874097,0.45913822232524143,0.3886675104955667,0.3320813627067493,0.28185741407412757,0.2413264629792861,0.20476253018191024,0.1698078595240055,0.14237555375065356,0.11771267584534777,0.09267555093083477,0.07100664909896871,0.05465205479758349,0.03908337921556606,0.027818544239050204,0.01707765507544621,0.007010410528349822,-0.004553822055575362,-0.20294216162468998,205350.31,205350.09,205350.2,205349.94,205350.08000000002,205349.91999999998,205351.41,205350.65,205349.89,205350.34,205350.47999999998,205349.56,205350.46000000002,205349.84,205349.37,205350.01,205349.88,205348.68,205348.45,205342.51,205327.91,205305.55,205284.72999999998,205266.34,205260.64,205273.47,205292.78,205316.0,205333.57,205345.16999999998,205347.5,205349.66999999998,205349.84,205346.86,205350.53999999998,205351.81,205350.2,205349.87,205348.95,205351.05,205350.24,205351.1,205349.89,205349.28,205349.68,205350.51,205350.53,205351.09,205070.22,205078.31,205079.05,205077.72,205076.08000000002,205071.24,205072.03,205073.39,205074.01,205072.15,205071.91,205078.96000000002,205059.56,205059.99,205059.84,205059.83000000002,267.20320415561804,205083.8867958444
39,12.0,138.71,1025.28,21.6,889.87,1.212,-5.474557986077791,-3.90443095874294,-4.013378999699764,-2.4442470999377828,-2.0192907696833324,-1.6881712839065568,-1.449377522959531,-1.2980075621307796,-1.1505812550173387,-1.0302813884128268,-0.8933592056812399,-0.8202357573529862,-0.7149733740738906,-0.6382011246447207,-0.5295479363019688,-0.4399127415770783,-0.3687426918180733,-0.3126469819614047,-0.27026191866629046,-0.24077665724360228,-0.22883512636744788,-0.21958412559604515,-0.19621705591847036,-0.1916836969748007,-0.15995018436868402,-5.46585983395815,-0.2312308038579126,0.9396657838137149,0.8982758480915778,0.6944589785072885,0.5472538108545093,0.46019857650403956,0.3904290766626294,0.33499678518794557,0.28601439464947476,0.2467621403805426,0.2110481174824102,0.17806148126573487,0.1510087539103241,0.1274942579257131,0.10350062644307352,0.08326636579168081,0.06811831273582625,0.053854817522618,0.04427210756033015,0.035021106788927406,0.02698637305127062,0.017919655163716772,-0.15995018436868402,205347.47,205347.11,205346.7,205346.83000000002,205346.64,205346.78999999998,205348.41999999998,205347.63,205346.9,205347.31,205347.33000000002,205346.56,205347.43,205346.59,205346.26,205346.78999999998,205346.8,205345.47999999998,205345.32,205339.22,205323.36,205300.76,205279.93,205261.41,205258.05,205272.91,205292.35,205315.25,205332.45,205342.89,205344.85,205346.78,205347.14,205342.59,205347.82,205349.03999999998,205347.63,205347.27000000002,205346.28,205348.34,205347.59,205348.32,205347.12,205346.51,205347.02000000002,205347.9,205347.93,205348.27000000002,205065.52000000002,205073.77000000002,205074.47,205073.16,205071.6,205067.28999999998,205068.05,205069.28999999998,205069.4,205067.5,205067.25,205074.46000000002,205055.0,205056.0,205055.78999999998,205055.68,271.32199661774735,205076.94800338228
40,11.75,137.04,1025.33,21.63,889.76,1.212,-5.391807553563386,-3.8926001558065106,-3.853796350683037,-2.4833504255041468,-2.0517327162074492,-1.7282433023414536,-1.4850852273511963,-1.3383396835524877,-1.1878630046457508,-1.075443903840838,-0.9376903956523825,-0.8688882642603305,-0.7830721567756777,-0.6990096827918025,-0.5923738414042905,-0.5043190528549075,-0.42309224155306013,-0.3583943587799696,-0.3015318597335432,-0.2569821065436756,-0.2281404321585771,-0.20720876420259,-0.1769119471254169,-0.16665132557833884,-0.14038413441778863,-5.382703583899788,-0.21452178901429522,0.941346556101848,0.8916478364628839,0.683711676892423,0.5343543385180511,0.4489113445442229,0.37813171154492015,0.32276166654179195,0.2739957306798349,0.23478150069453047,0.1998580760833283,0.1667255963240189,0.14057033921681378,0.11751192424911584,0.09426695252605992,0.07486504996437748,0.06072404790491951,0.0472919615161042,0.038934218874046786,0.031248080551517,0.02512901897440692,0.018823400641830263,-0.14038413441778863,205357.83000000002,205357.46000000002,205357.26,205357.53,205357.14,205357.14,205358.74,205357.97999999998,205357.43,205357.62,205357.68,205356.9,205357.89,205357.13,205356.7,205357.36,205357.15,205356.16,205356.72999999998,205352.74,205338.75,205316.9,205295.31,205275.0,205268.99,205282.34,205302.27000000002,205326.32,205343.47999999998,205353.68,205355.57,205357.35,205357.66999999998,205353.14,205358.3,205359.7,205358.28,205357.8,205357.07,205358.83000000002,205358.18,205358.94,205356.94,205357.13,205357.52000000002,205358.57,205358.39,205358.86,205076.12,205084.35,205085.05,205083.69,205082.26,205078.19,205079.2,205079.87,205080.02000000002,205078.12,205077.85,205085.05,205065.89,205066.01,205065.88,205065.71000000002,268.01495283520376,205090.8450471648
41,11.5,136.76,1025.2,21.65,890.24,1.211,-5.162889475435887,-3.763991744256975,-4.130513044771312,-2.4001646016612104,-2.012481304197738,-1.6997997132355307,-1.4621198287745887,-1.317687330163195,-1.1774049758299536,-1.0646406952675975,-0.9340046222289793,-0.8689109178329048,-0.789946010489607,-0.7041015847034247,-0.6038999030367614,-0.5139053329726445,-0.4338935423880572,-0.36633218463738215,-0.3038556883444772,-0.25162369234134246,-0.21412283909070992,-0.18211812285687498,-0.14674842477593672,-0.13396149375733582,-0.10543392543205823,-5.155598681434083,-0.15460004908577193,0.9496748270435318,0.889366874607545,0.6794293960408316,0.532005802454356,0.44784386759172534,0.3787495736663942,0.32446119986779537,0.27682801238895544,0.23865416276894572,0.20463045742687055,0.17277529594182237,0.14761270946353927,0.12514210846287357,0.10300800564700525,0.08457538286282001,0.07141456497219785,0.059188464261411236,0.05193505894672301,0.04561637081176153,0.04120450572347742,0.03653091982484371,-0.10543392543205823,205328.97999999998,205328.61,205328.44,205328.57,205328.35,205328.3,205329.94,205329.31,205328.53999999998,205329.22999999998,205329.13,205328.37,205329.01,205328.35,205328.01,205328.63,205328.19,205327.34,205327.24,205320.96000000002,205303.58000000002,205279.57,205258.87,205243.51,205244.44,205264.72999999998,205286.93,205309.25,205321.59,205327.58000000002,205327.35,205328.61,205328.31,205325.68,205328.84,205329.81,205329.14,205328.38,205327.89,205329.62,205328.82,205329.68,205327.83000000002,205327.9,205328.22999999998,205329.12,205328.94,205329.6,205049.97,205058.11,205058.75,205057.36,205055.85,205052.35,205052.88,205054.14,205053.76,205051.78,205051.53,205058.81,205039.76,205039.97999999998,205039.9,205039.91,267.46058104237017,205062.13941895764
42,11.25,138.54,1025.25,21.66,889.73,1.212,-4.960360134036867,-3.586706304227116,-4.068983380892289,-2.2594018514385543,-1.969570635574403,-1.670698339001542,-1.441645326922499,-1.303409048003889,-1.1645454287911534,-1.0547977796977455,-0.9292559161416672,-0.8657469369587337,-0.7897649566348064,-0.7045942861211801,-0.6066922978746403,-0.5190860709251681,-0.43897102513438996,-0.3687827169381517,-0.30342861924322345,-0.24755843070008093,-0.2058218499587703,-0.16711126357704925,-0.13046720992886104,-0.11541104287103186,-0.08411783290756375,-4.95024888459117,-0.1036760891346642,0.9559016675634073,0.8831670958205005,0.6726390736019525,0.5262842732304157,0.4430694283394994,0.37468933628508894,0.3213654112884003,0.2747577176753979,0.23722800714148665,0.204163483406465,0.17316549240497617,0.14862541619546865,0.12692682249439424,0.10567105723618136,0.08817933374250635,0.07559562549068986,0.06422969545685,0.05810390199690744,0.05256854646092345,0.04932113787979567,0.04592611981778563,-0.08411783290756375,205341.38,205341.18,205340.84,205341.21000000002,205340.91,205340.85,205342.47,205341.65,205341.12,205341.5,205341.44,205340.85,205341.59,205340.8,205340.44,205340.94,205340.88,205339.89,205340.41,205335.81,205320.37,205297.19,205275.63,205258.03999999998,205257.16999999998,205276.74,205299.44,205321.81,205334.69,205340.16,205339.81,205340.96000000002,205340.75,205336.62,205341.24,205341.91999999998,205341.41999999998,205340.84,205340.18,205341.9,205341.06,205341.88,205339.97,205340.1,205340.53,205341.57,205341.24,205341.91,205059.62,205067.82,205068.43,205067.08000000002,205065.64,205062.45,205063.16,205064.03999999998,205063.32,205061.37,205061.19,205068.55,205049.38,205049.96000000002,205049.9,205049.84,270.9853035182418,205070.92469648176
43,11.0,136.71,1025.27,21.66,890.14,1.212,-4.774501882387742,-3.442335952749354,-3.8354739510768554,-2.1463008675963238,-1.9504986203083017,-1.6712139248929854,-1.4470979619990123,-1.30945664967424,-1.1733114385705843,-1.0670508493545676,-0.9411165290836262,-0.8835166320780911,-0.8076643001775233,-0.7248925001300666,-0.6239056677179173,-0.5398621816326911,-0.4582872625618882,-0.3883071279534604,-0.32019711987096583,-0.2596424229541906,-0.21419834836874524,-0.16778180798966658,-0.12888317624574938,-0.10962087302641678,-0.07730508665447677,-4.770873836927005,-0.035115032224516576,0.9616250036833612,0.876122818907685,0.6610956709308881,0.5141037259754699,0.4311075107448838,0.3631845153150697,0.31033473968613634,0.2642548220817518,0.2271141092724208,0.19446170012567784,0.1641282478715623,0.14000361568417202,0.11868417328611694,0.09800057390689222,0.08101982504941146,0.0693502355262472,0.05850350167459368,0.05304273221815464,0.048479623494450924,0.04634767925461276,0.04361729452639324,-0.07730508665447677,205344.27000000002,205343.96000000002,205343.61,205344.14,205343.64,205343.78999999998,205345.3,205344.61,205343.99,205344.4,205344.41999999998,205343.77000000002,205344.37,205343.74,205343.41,205343.97,205343.69,205342.88,205343.75,205340.86,205327.06,205304.78,205283.39,205263.39,205260.83000000002,205278.85,205301.25,205323.88,205336.95,205342.96000000002,205342.66,205343.66,205343.3,205339.13,205343.7,205344.41999999998,205344.11,205343.3,205342.85,205344.37,205343.53999999998,205344.53999999998,205342.52000000002,205342.57,205343.12,205343.9,205343.76,205344.35,205064.22999999998,205072.32,205072.9,205071.53999999998,205070.14,205067.16999999998,205067.99,205068.64,205067.87,205065.96000000002,205065.75,205073.02000000002,205053.88,205053.97999999998,205053.89,205053.9,267.3615891803313,205076.98841081967
44,10.75,138.55,1025.31,21.67,890.26,1.212,-4.637273804034185,-3.0157914559053816,-3.573788317030082,-2.0916022359788706,-1.9137089105269904,-1.6401716316275303,-1.4248620373502319,-1.2906210255282569,-1.1595902852918916,-1.057857885733554,-0.9340225818098435,-0.8781564762853133,-0.8023645471257721,-0.7256870258047131,-0.6268697004448485,-0.5415945552221005,-0.46196506002913634,-0.3926305737143542,-0.32200459883051286,-0.26027144523571205,-0.2115638763502968,-0.16160171856936215,-0.11964678991584274,-0.09750698587703717,-0.06212019908835913,-4.632439946818947,0.025811722619157165,0.957122579511458,0.8628439139795873,0.6490841059848377,0.5027769009618597,0.42104412438518324,0.35455091292200913,0.3028544704913637,0.25783686894585683,0.22163828934241828,0.18953557348610725,0.15997893509426742,0.13687973954707924,0.1164373204846594,0.09643769750289112,0.08027564055465325,0.06927953788190043,0.05935352573793473,0.054630367542993837,0.050940400203192904,0.04983341000129558,0.04795152665796274,-0.06212019908835913,205354.15,205353.91999999998,205353.59,205354.2,205353.53,205353.72999999998,205355.21000000002,205354.34,205353.94,205354.09,205354.14,205353.4,205354.32,205353.51,205353.22999999998,205353.68,205353.8,205352.72,205354.09,205351.97999999998,205340.66,205319.22999999998,205297.12,205275.6,205270.91,205287.94,205311.16999999998,205334.7,205347.76,205353.24,205352.75,205353.91999999998,205353.96000000002,205348.16,205354.66999999998,205355.28999999998,205354.74,205354.22999999998,205353.66999999998,205355.21000000002,205354.35,205355.22999999998,205353.25,205353.37,205353.83000000002,205354.86,205354.82,205355.27000000002,205071.93,205080.06,205080.66,205079.22,205077.95,205075.21000000002,205076.19,205076.55,205075.55,205073.65,205073.47,205080.78999999998,205061.26,205061.99,205061.87,205061.85,271.00510869398346,205084.26489130603
45,10.5,136.58,1025.26,21.68,889.64,1.211,-5.153665533207148,-2.9463997265593322,-3.416104033260873,-2.1863218663126553,-1.9064685511050794,-1.6405049455886032,-1.4393475057745853,-1.296594236090757,-1.1681799389453844,-1.0665342197762582,-0.9474421267093373,-0.8934557079094887,-0.8192898995581652,-0.7401447613174688,-0.6415315663668544,-0.5568829582484929,-0.4788609771257517,-0.4071286758631681,-0.336032830300661,-0.2722000674339599,-0.21952399860489574,-0.16486368553433933,-0.1202369093834646,-0.09627622420183442,-0.05479428798103842,-5.147825116194129,0.10379549706496827,0.9666422335986179,0.8560112574863938,0.6374823209156261,0.4910226327427958,0.40839570743666664,0.3425412617578421,0.29132529718208716,0.24669852103110346,0.21075749325871268,0.17923421681666282,0.1500321317514591,0.12771874367607622,0.10768910840701722,0.08833336740866604,0.07257172918764111,0.062425876556065865,0.053103672477614265,0.04906030685314948,0.04625241405842464,0.046027782634855366,0.04606522120548656,-0.05479428798103842,205343.71000000002,205343.36,205343.16,205343.51,205343.08000000002,205343.3,205344.7,205343.97,205343.59,205343.61,205343.66,205342.66999999998,205343.91,205343.05,205342.63,205343.36,205343.15,205342.22,205343.46000000002,205341.68,205329.02000000002,205305.89,205284.52000000002,205265.55,205264.71000000002,205286.19,205309.94,205330.41999999998,205340.11,205343.4,205342.34,205343.35,205342.59,205339.72,205343.34,205343.93,205343.58000000002,205342.72999999998,205342.26,205343.77000000002,205343.15,205343.28999999998,205342.06,205342.19,205342.52000000002,205343.59,205343.47,205343.75,205062.78999999998,205070.82,205071.41999999998,205069.97,205068.63,205066.18,205067.02000000002,205067.32,205066.33000000002,205064.47999999998,205064.31,205071.55,205052.78999999998,205051.99,205051.89,205051.89,267.10421473676536,205076.64578526324
46,10.25,137.81,1025.25,21.69,889.95,1.211,-4.956638052080978,-2.8346124118650904,-3.2469080032373876,-2.364737160831986,-1.8563889026674443,-1.6114527473323088,-1.4180860036778382,-1.278959893028504,-1.1549336029216701,-1.058472832871465,-0.9384904750473843,-0.8841385411537326,-0.8156513944181173,-0.7418960056258663,-0.6403524949999562,-0.5570623300911783,-0.4801163158280878,-0.41244537560828615,-0.3386528865198275,-0.27231755696220766,-0.2190044313614001,-0.1616102731815238,-0.11319438667549071,-0.08559176632276215,-0.040552006768607186,-4.952482818909601,0.15489235347165953,0.964012712712001,0.8428431454104612,0.6241368994697727,0.48059585357582435,0.39786219310973014,0.333789981618621,0.2841126850427136,0.24022303466991782,0.20531165597096526,0.17466681133190404,0.14687868949824492,0.1247298126828666,0.10551185926519782,0.08670200910538192,0.07175058974760447,0.06221581363107752,0.05401664817684032,0.05056632063276275,0.04867420552789725,0.049416211451295586,0.05004691648639472,-0.040552006768607186,205341.38,205341.09,205340.77000000002,205341.28999999998,205340.69,205340.72999999998,205342.37,205341.63,205341.2,205341.26,205341.3,205340.1,205341.56,205340.7,205340.33000000002,205340.97,205340.91,205339.84,205341.41999999998,205340.75,205330.65,205308.66999999998,205286.26,205266.27000000002,205265.66999999998,205287.97,205311.13,205330.12,205338.37,205341.26,205340.05,205341.09,205341.51,205336.9,205342.08000000002,205342.66999999998,205342.36,205341.47999999998,205340.95,205342.62,205341.77000000002,205341.9,205340.82,205340.82,205341.16999999998,205342.22999999998,205341.99,205342.51,205059.66999999998,205067.72,205068.36,205066.96000000002,205065.71000000002,205063.45,205064.65,205064.61,205063.22999999998,205061.4,205061.26,205068.49,205049.34,205049.99,205049.89,205049.77000000002,269.5396272128841,205072.97037278712
47,10.0,138.09,1025.26,21.73,889.78,1.211,-4.744479221698379,-2.729033564694897,-3.076060755213951,-2.650616452829002,-1.7947295902207114,-1.5708446631888608,-1.3864274610150495,-1.2510672339226097,-1.129813201174314,-1.036216195132383,-0.9183313584084489,-0.8743096652977497,-0.802482848952216,-0.7396528967158115,-0.6321348169903774,-0.5520886433104512,-0.47396772450160407,-0.40569522484118103,-0.33235041907802215,-0.2660772225530211,-0.2106891208761648,-0.15207991970352458,-0.09994994165483909,-0.06810918801709716,-0.02064425061758581,-4.740850856748925,0.2116821785413623,0.9688256807406433,0.8339097432338288,0.6172815461009928,0.47633067505584903,0.3941371017119231,0.3313071494756264,0.28284256050845796,0.24004266375822847,0.20605451045659468,0.17647222887915096,0.1496667572120813,0.12819276057262385,0.10968069450418177,0.09176101455005052,0.07765482020590628,0.06884307675731062,0.06154932272623237,0.058883585212480154,0.05780988538048034,0.0594019230623405,0.0616233709905751,-0.02064425061758581,205341.6,205341.22999999998,205341.0,205341.71000000002,205340.96000000002,205341.09,205342.58000000002,205342.03,205341.36,205341.77000000002,205341.68,205340.37,205341.75,205340.99,205340.63,205341.3,205341.14,205340.22,205341.91,205341.86,205334.33000000002,205314.31,205290.8,205269.24,205267.85,205290.49,205314.36,205332.53999999998,205339.47,205341.53999999998,205340.11,205341.2,205341.16999999998,205336.83000000002,205341.8,205342.41999999998,205342.31,205341.33000000002,205340.87,205342.49,205341.01,205341.76,205340.5,205340.59,205340.97,205342.03,205341.84,205342.33000000002,205060.83000000002,205068.81,205069.43,205068.01,205066.74,205064.71000000002,205065.84,205065.69,205064.31,205062.47,205062.37,205069.47999999998,205050.6,205052.03999999998,205051.93,205051.85,270.0941095129089,205072.23589048712
48,9.0,137.08,1025.28,21.74,889.88,1.211,-4.071763012572514,-2.6324179233318157,-2.620892121720567,-2.126700064932119,-1.8164732299779258,-1.5953568806201308,-1.3279881235019542,-1.1989289857188716,-1.0972855896325013,-1.0150383645424725,-0.9085459257070712,-0.8832563027541013,-0.8106325625046044,-0.75755419456651,-0.6516212606637809,-0.5883972032815732,-0.5006668298520934,-0.43345163728419156,-0.3603802930885351,-0.2943960113722735,-0.23176875925161197,-0.15720540190230725,-0.09155682314558398,-0.04332749795673782,0.022544882773010963,-4.066503666206198,0.4052089563326577,0.9694137303519353,0.7876492279192789,0.5586998095052649,0.4284097608705418,0.35104887885830943,0.2900628412065741,0.24507864462670662,0.20554029605730784,0.17454372279207847,0.14779938701444262,0.12306926899414507,0.10501590983617373,0.0892378707371143,0.07398203624207059,0.06253083528846079,0.0566000830029587,0.052534347159625475,0.05294465077680275,0.05548107313783108,0.06126262410783807,0.06737987803749192,0.022544882773010963,205346.41999999998,205346.01,205345.72,205346.28999999998,205345.88,205345.88,205347.27000000002,205346.47,205346.03999999998,205346.41,205346.3,205345.24,205346.57,205345.72999999998,205345.28999999998,205346.06,205345.82,205344.85,205346.47999999998,205347.19,205344.37,205330.47,205306.72,205280.21000000002,205275.6,205300.28,205326.03999999998,205342.02000000002,205345.39,205346.35,205344.84,205345.87,205345.78999999998,205342.41999999998,205346.47999999998,205347.07,205347.15,205345.94,205345.5,205347.06,205345.51,205346.37,205345.18,205345.24,205345.7,205346.69,205346.45,205347.21000000002,205066.2,205073.78999999998,205074.33000000002,205072.96000000002,205071.7,205070.76,205071.64,205070.66999999998,205069.39,205067.66,205067.55,205074.47999999998,205055.62,205055.97999999998,205055.9,205055.95,268.09415121120736,205079.11584878882
49,9.75,138.9,1025.23,21.83,890.26,1.211,-4.623958353569529,-2.7015319931577877,-2.967341519403936,-2.6377848179350387,-1.726406323209264,-1.5321467442105856,-1.361221870230019,-1.2438858456283612,-1.1296782909424967,-1.0276533661632927,-0.9186721965129495,-0.8748368121652096,-0.7979868688252036,-0.7389139957117037,-0.6315522693117237,-0.5629835698660176,-0.48337321189443566,-0.40987257164062496,-0.3358566539888887,-0.2732136446186845,-0.2163491032103811,-0.14789082035003656,-0.09006933520278962,-0.055214499789544375,-0.0013680117116727155,-4.610340308054347,0.26238040494320153,0.9718069652307243,0.8263147113879975,0.6080211223314407,0.46941150230337353,0.3891386448202648,0.3257963304100799,0.27835400427718193,0.23687417374834693,0.2033811428865021,0.1750040804750312,0.14850410001299344,0.12807703174005886,0.1101895449280843,0.0931485852699059,0.07975137292523224,0.0718749898433894,0.06550763342676243,0.06344652383527417,0.06340971830692743,0.06624374399508988,0.06981388025190113,-0.0013680117116727155,205337.69,205337.31,205337.21000000002,205336.77000000002,205337.16,205337.45,205338.12,205337.8,205337.45,205337.6,205337.53,205336.66999999998,205337.55,205336.91,205336.56,205337.66999999998,205337.11,205336.36,205337.74,205337.16,205325.63,205301.45,205278.43,205264.18,205271.93,205300.34,205321.97999999998,205334.12,205336.65,205337.69,205335.45,205337.3,205336.96000000002,205333.35,205338.19,205338.93,205339.01,205337.66,205337.26,205338.77000000002,205337.12,205338.13,205336.93,205336.89,205337.33000000002,205338.7,205338.2,205337.99,205055.78999999998,205063.8,205064.36,205062.94,205061.6,205060.16,205060.93,205060.47999999998,205059.15,205057.36,205057.28,205064.49,205045.6,205046.0,205045.91999999998,205045.95,271.698313525054,205066.29168647493
50,9.5,137.65,1025.25,21.82,889.84,1.211,-4.521597860059456,-2.68044617408112,-2.861671542784408,-2.4514165320590777,-1.788879761909078,-1.5518641690219834,-1.374353196069943,-1.262921323532518,-1.1497808289494413,-1.057106654955881,-0.9471605407189332,-0.9016963367236983,-0.8253655040356054,-0.7648208532902062,-0.6582919831443457,-0.5898728134064273,-0.5080818189639962,-0.4353168061970705,-0.358428814146204,-0.29535837429009054,-0.2361509060151967,-0.16431449218597485,-0.10217265126767333,-0.061462873833922856,-0.0025154132616422814,-4.507706019949826,0.2914418664920289,0.9685019240294194,0.8114572716666794,0.5882963749317769,0.45034371673039275,0.3687012981180418,0.3065223132421932,0.2594609190737317,0.21834255810750397,0.1850987161339037,0.15698074029693415,0.13071996233558836,0.11103366485401983,0.09361314878066039,0.07674979206996646,0.0640837025581995,0.05672919897079863,0.05123189325880531,0.04993185474595516,0.05074902181123394,0.05464913735000058,0.05918070016652686,-0.0025154132616422814,205341.97999999998,205341.84,205341.86,205341.41999999998,205341.56,205341.93,205342.61,205342.34,205341.96000000002,205342.18,205341.96000000002,205341.12,205341.87,205341.37,205341.05,205342.27000000002,205341.55,205340.88,205342.28999999998,205342.47999999998,205334.9,205313.3,205287.66,205268.44,205274.35,205304.03999999998,205327.45,205338.99,205341.31,205342.22,205339.78,205341.68,205342.06,205336.86,205342.86,205343.66,205343.86,205342.63,205342.08000000002,205343.82,205341.85,205343.03999999998,205341.96000000002,205341.66999999998,205342.11,205343.61,205342.78999999998,205343.16,205059.74,205067.77000000002,205068.36,205066.97,205065.71000000002,205064.5,205065.5,205064.88,205063.11,205061.37,205061.33000000002,205068.52000000002,205049.52000000002,205050.03999999998,205049.84,205049.76,269.2227934150915,205073.9372065849
51,9.25,137.78,1025.3,21.82,889.86,1.211,-4.323767359398545,-2.671475403558549,-2.7267299227663826,-2.201867653004877,-1.8926798396809827,-1.5058239882765987,-1.3213577592760348,-1.2178251141520056,-1.117929099573483,-1.034360813975184,-0.9265235857563783,-0.8812512463114096,-0.8084073099750081,-0.755713275539068,-0.6471338778212299,-0.5838268195482526,-0.5002585339499535,-0.42915869593632655,-0.3538656002529995,-0.28907420298174147,-0.22914401592977704,-0.15299742532234142,-0.08957904162450381,-0.04337899030577167,0.018666379818861514,-4.3049533625964065,0.3455920441710651,0.9727994878581268,0.8040672522382798,0.5786703753625131,0.4450427570500386,0.36407206469862274,0.3032512742476683,0.2573480907285275,0.21756780557680852,0.18509788999130866,0.15778605242458577,0.13214409623076662,0.11355275027845672,0.09696526197352334,0.08111994316783828,0.06928233965723027,0.0625657056904098,0.057890037846171256,0.057481844621611676,0.05911461751952602,0.06397582773871165,0.06946788203206936,0.018666379818861514,205350.62,205350.27000000002,205350.16,205349.88,205350.2,205350.5,205351.1,205350.91999999998,205350.41999999998,205350.72999999998,205350.58000000002,205349.81,205350.5,205350.03999999998,205349.6,205350.86,205350.18,205349.3,205350.86,205351.4,205346.53999999998,205328.91999999998,205303.61,205280.83000000002,205282.35,205310.57,205334.74,205347.66999999998,205349.88,205350.58000000002,205348.25,205350.15,205349.61,205345.28,205350.83000000002,205351.66999999998,205351.97999999998,205350.49,205350.11,205351.81,205350.01,205351.05,205349.8,205349.78999999998,205350.21000000002,205351.39,205350.93,205351.09,205069.47999999998,205077.27000000002,205077.84,205076.43,205075.15,205074.13,205074.97,205074.15,205072.77000000002,205071.0,205070.94,205077.97999999998,205059.05,205060.02000000002,205059.89,205059.94,269.4802201428421,205081.60977985716
