,Alpha,Delta_Pb,P_bar,T,rpm,rho,P001,P002,P003,P004,P005,P006,P007,P008,P009,P010,P011,P012,P013,P014,P015,P016,P017,P018,P019,P020,P021,P022,P023,P024,P025,P026,P027,P028,P029,P030,P031,P032,P033,P034,P035,P036,P037,P038,P039,P040,P041,P042,P043,P044,P045,P046,P047,P048,P049,P050,P051,P052,P053,P054,P055,P056,P057,P058,P059,P060,P061,P062,P063,P064,P065,P066,P067,P068,P069,P070,P071,P072,P073,P074,P075,P076,P077,P078,P079,P080,P081,P082,P083,P084,P085,P086,P087,P088,P089,P090,P091,P092,P093,P094,P095,P096,P097,P098,P099,P100,P101,P102,P103,P104,P105,P106,P107,P108,P109,P110,P111,P112,P113,q_inf,p_s_inf
1,-6.0,138.73,1025.42,20.06,889.72,1.218,-169.07,212.25,270.34,189.28,103.4,55.27,22.38,8.66,-7.58,-16.46,-15.57,-29.18,-35.13,-40.92,-32.21,-30.08,-22.93,-16.58,-10.05,-4.21,0.11,4.4,9.23,10.75,19.38,-165.2,-622.73,-620.7,-482.37,-235.25,-192.98,-164.42,-142.45,-126.69,-113.04,-101.07,-91.12,-82.36,-73.3,-64.8,-57.03,-48.75,-40.11,-30.95,-21.35,-11.7,-1.64,7.63,19.38,291.76,292.67,292.81,291.68,291.77,292.54,293.54,292.65,292.07,292.45,292.55,291.82,292.46,291.8,291.54,292.64,291.79,291.25,292.27,293.38,291.75,283.44,266.31,239.95,218.26,212.35,226.9,253.65,276.42,289.2,290.94,292.67,292.61,289.71,292.4,294.49,293.56,293.44,292.23,294.22,292.31,293.67,292.71,291.24,291.64,293.65,293.06,293.05,15.7,12.46,13.54,13.69,14.3,14.49,14.97,15.71,16.21,16.14,16.12,11.33,1.58,-0.02,-0.17,-0.21,271.3616082847924,21.688391715207615
2,-5.0,140.15,1025.4,20.19,889.68,1.218,-84.9,224.19,260.42,164.63,76.79,30.89,0.06,-12.75,-25.07,-34.52,-32.38,-44.17,-49.38,-53.01,-42.97,-41.09,-34.25,-25.24,-17.87,-12.01,-8.84,-4.76,-0.51,0.1,22.87,-82.72,-558.81,-524.02,-296.02,-202.53,-170.85,-145.23,-125.69,-111.83,-100.04,-89.55,-80.86,-73.25,-65.05,-57.35,-50.37,-42.59,-34.36,-25.57,-16.03,-6.31,3.82,13.55,22.87,293.98,294.82,294.93,293.61,293.79,294.55,295.75,294.64,294.4,294.43,294.56,293.99,294.47,293.74,293.8,294.83,294.02,293.47,294.18,295.36,292.54,280.5,259.62,236.09,228.03,244.73,268.56,285.34,292.62,294.57,293.22,294.71,294.17,290.8,293.77,295.6,294.91,294.75,293.51,295.41,293.56,295.04,294.13,292.47,292.92,294.87,294.36,294.38,14.59,12.48,13.48,13.45,13.88,12.42,14.23,15.29,15.43,15.19,15.1,11.5,0.73,-0.02,-0.16,-0.19,274.1744209393915,20.2055790606085
3,-4.0,140.2,1025.33,20.25,890.02,1.217,1.44,225.37,238.19,135.33,47.47,6.29,-11.04,-32.36,-43.08,-49.88,-47.31,-56.72,-59.99,-63.43,-52.7,-48.81,-41.4,-31.57,-24.13,-18.85,-16.18,-12.65,-9.27,-7.91,27.14,3.42,-527.48,-357.35,-252.81,-191.9,-157.27,-124.17,-104.47,-91.94,-82.39,-74.94,-68.55,-62.38,-55.78,-49.15,-43.26,-36.42,-28.87,-20.74,-11.65,-2.27,7.81,17.67,27.14,293.04,293.86,293.93,292.83,292.93,293.57,294.89,293.76,293.42,293.57,293.72,292.88,293.61,292.92,292.93,293.89,293.01,292.51,293.25,293.96,287.5,269.16,248.03,239.15,251.11,273.47,286.02,291.55,293.32,293.76,292.36,293.85,293.96,287.37,293.52,295.32,294.77,294.44,293.16,295.18,293.34,294.69,293.89,292.14,292.6,294.6,293.85,294.1,14.2,12.99,13.97,13.78,14.05,14.3,14.17,15.29,15.24,14.9,14.79,12.19,0.67,-0.02,-0.14,-0.13,274.27347745189593,19.826522548104094
4,-3.0,140.79,1025.33,20.34,889.46,1.217,90.88,229.28,215.39,106.55,22.51,-9.15,-32.14,-48.68,-59.44,-62.35,-58.77,-68.63,-68.8,-70.99,-57.92,-53.63,-45.56,-35.75,-28.92,-24.2,-22.88,-19.72,-17.52,17.03,27.34,97.93,-364.48,-275.5,-200.44,-152.21,-126.54,-107.86,-94.65,-84.79,-76.63,-69.52,-63.48,-58.66,-52.83,-47.54,-42.06,-34.81,-25.57,-16.04,-6.32,2.69,12.27,21.66,27.34,296.55,297.29,297.35,296.17,296.4,297.0,298.22,297.1,297.23,296.96,297.08,296.26,297.12,296.29,296.43,297.22,296.54,296.02,296.46,295.43,283.74,263.51,252.35,258.3,273.08,288.59,294.47,296.38,296.85,297.26,295.84,297.26,296.98,293.29,296.7,298.46,297.89,297.6,296.17,298.22,296.2,297.77,297.15,295.23,295.7,297.71,297.27,296.98,15.06,14.42,15.35,15.06,15.17,16.15,15.48,16.12,16.17,15.78,15.66,13.64,1.31,0.0,-0.11,-0.09,275.4424152646113,21.53758473538869
5,-2.0,138.13,1025.36,20.5,889.42,1.216,178.2,215.38,179.38,67.91,-3.07,-35.41,-52.59,-65.59,-72.96,-76.17,-70.7,-77.74,-78.98,-78.95,-64.08,-59.62,-50.72,-41.14,-36.63,-31.59,-32.01,-31.26,-15.07,33.27,27.38,184.07,-208.75,-192.37,-149.12,-118.88,-100.29,-87.04,-77.18,-69.71,-63.42,-57.73,-52.94,-48.86,-43.9,-39.26,-34.82,-30.04,-24.99,-20.21,-15.47,-10.99,-4.08,13.33,27.38,290.46,291.24,291.38,290.34,290.25,291.14,292.12,291.4,290.68,291.02,291.17,290.38,291.07,290.3,290.25,291.32,290.51,289.85,290.85,291.43,286.25,273.25,258.37,253.03,259.89,274.3,283.77,288.95,290.63,291.17,289.87,291.27,291.1,288.98,291.13,293.04,292.1,291.75,290.76,292.8,291.01,292.42,291.2,289.75,290.14,292.28,291.49,291.71,14.27,14.05,14.89,14.54,14.64,15.23,14.83,15.48,15.51,15.03,14.88,13.39,0.65,-0.02,-0.07,-0.1,270.173323675654,21.53667632434599
6,-1.0,138.27,1025.34,20.55,890.11,1.216,242.92,192.8,139.12,29.9,-34.2,-62.95,-75.32,-85.77,-88.63,-90.55,-82.87,-89.35,-88.5,-87.11,-72.16,-67.98,-57.26,-48.64,-45.21,-42.27,-41.7,-41.38,14.83,39.85,27.09,248.96,-71.07,-113.06,-100.16,-86.48,-74.37,-67.15,-59.75,-54.57,-50.27,-45.91,-42.38,-39.34,-35.26,-31.36,-27.58,-23.14,-18.05,-13.19,-8.21,-4.05,-0.34,3.32,27.09,291.44,292.29,292.36,291.24,291.2,291.91,293.24,292.26,291.65,292.02,292.11,291.37,292.18,291.41,291.37,292.28,291.35,290.73,291.46,291.65,287.18,274.87,261.0,256.37,263.62,276.73,284.06,288.84,291.37,292.11,290.73,291.96,291.63,286.75,291.52,293.38,292.7,292.31,291.23,293.38,291.52,292.7,291.81,290.27,290.68,292.78,291.89,292.12,13.43,13.78,14.65,14.19,14.2,14.56,11.48,14.95,14.85,14.27,14.14,13.27,0.22,-0.01,-0.08,-0.1,270.4505779812845,21.669422018715522
7,0.0,139.0,1025.31,20.58,890.3,1.216,280.14,155.4,90.48,-8.02,-70.67,-90.17,-98.39,-107.68,-106.29,-105.95,-97.07,-102.18,-99.07,-95.83,-80.35,-74.59,-64.77,-58.69,-54.6,-52.67,-54.16,-13.73,26.53,37.4,39.53,283.83,48.1,-36.69,-52.72,-53.39,-49.4,-45.91,-41.61,-38.69,-36.08,-33.36,-30.9,-28.85,-25.83,-22.71,-19.51,-15.44,-10.54,-5.65,-0.35,4.07,8.02,10.2,39.53,292.91,293.93,294.07,292.71,292.8,293.68,294.89,293.79,293.3,293.43,293.65,293.04,293.85,292.97,292.95,293.71,292.99,292.24,293.04,293.42,288.57,278.46,266.03,256.78,258.92,269.81,278.94,286.68,291.61,293.48,292.39,293.7,293.41,287.62,293.26,295.27,294.43,294.27,292.99,294.93,293.11,294.53,293.54,292.13,292.6,294.5,293.7,293.9,13.52,14.45,15.27,14.72,14.61,15.3,14.24,15.25,15.07,14.43,14.27,14.02,0.43,-0.02,-0.09,-0.09,271.8963805053999,22.00361949460006
8,0.0,138.26,1025.36,20.62,889.43,1.216,276.28,156.8,89.47,-8.47,-69.28,-89.83,-97.76,-106.28,-106.37,-104.9,-96.28,-101.07,-98.37,-95.07,-79.09,-73.62,-64.02,-57.95,-54.11,-52.19,-53.73,-15.94,25.81,36.64,39.15,280.31,48.52,-36.27,-51.71,-52.87,-48.82,-45.28,-41.19,-38.31,-35.76,-33.07,-30.61,-28.8,-25.59,-22.56,-19.33,-15.35,-10.51,-5.63,-0.38,3.94,7.86,10.0,39.15,289.28,290.12,290.19,289.15,289.04,289.92,290.94,290.33,289.31,289.93,290.1,289.37,290.24,289.36,289.18,290.11,289.38,288.6,289.8,290.32,284.93,275.3,262.31,253.18,255.81,267.3,276.05,283.29,288.14,289.72,288.38,289.86,289.46,286.58,289.63,291.5,290.45,290.22,289.24,291.2,289.55,290.9,289.63,288.44,288.8,290.85,290.01,289.98,13.23,14.19,14.98,14.46,14.37,15.05,14.0,15.03,14.75,14.11,13.98,13.77,0.13,0.01,-0.1,-0.1,270.4307738579922,19.549226142007797
9,1.0,137.55,1025.37,20.65,890.47,1.216,282.14,98.7,22.17,-63.88,-112.97,-124.78,-128.81,-133.62,-128.52,-129.11,-115.1,-118.57,-113.62,-109.15,-93.54,-86.07,-79.29,-73.17,-69.48,-69.37,-61.29,-0.74,17.81,25.6,29.52,287.23,153.37,39.78,-0.49,-15.19,-18.81,-20.62,-20.41,-19.75,-19.07,-17.81,-16.74,-15.7,-13.6,-11.23,-8.74,-5.38,-0.77,3.86,9.34,14.2,18.45,20.78,29.52,290.69,291.51,291.75,290.68,290.64,291.4,292.51,291.62,291.01,291.38,291.45,290.67,291.48,290.66,290.87,291.63,290.62,290.16,291.25,292.39,287.91,271.75,253.94,248.38,257.37,274.82,285.76,289.94,291.15,291.46,290.0,291.54,290.59,287.83,290.36,292.3,291.56,291.33,290.1,292.15,290.44,291.79,290.66,289.24,289.68,291.74,290.92,291.22,13.0,15.19,15.97,15.22,14.91,15.53,15.45,15.25,14.81,14.03,13.85,14.97,0.46,0.0,-0.08,-0.11,269.02477717784353,22.195222822156495
10,2.0,138.91,1025.33,20.68,890.29,1.216,271.26,34.65,-36.2,-113.92,-151.15,-157.75,-154.49,-155.02,-147.14,-144.37,-128.5,-130.17,-124.28,-119.92,-103.58,-94.46,-88.91,-84.94,-82.61,-82.61,-20.56,2.19,13.4,23.7,36.01,274.67,220.91,96.93,39.6,13.47,4.64,-1.57,-3.88,-5.38,-6.25,-6.44,-6.54,-6.71,-5.57,-4.17,-2.71,-0.26,3.38,7.36,12.46,17.52,22.69,26.27,36.01,290.87,291.83,291.85,290.63,290.62,291.61,292.78,291.85,291.07,291.4,291.7,291.01,291.75,290.95,291.03,291.78,290.92,290.14,291.29,292.72,290.4,275.46,254.32,246.79,255.9,274.49,285.86,290.31,291.2,291.59,290.06,291.59,290.91,287.02,291.07,292.97,292.07,291.76,290.69,292.53,290.92,292.23,291.08,289.72,290.24,292.28,291.43,291.53,12.36,15.2,15.95,15.13,14.67,15.21,15.33,14.84,14.34,13.43,13.28,15.1,0.35,0.01,-0.08,-0.08,271.71812005394486,19.811879946055114
11,3.0,139.0,1025.33,20.71,889.72,1.215,211.91,-33.61,-109.07,-168.48,-192.42,-189.41,-181.56,-176.84,-168.16,-161.26,-146.3,-144.09,-136.09,-131.28,-115.19,-107.03,-102.0,-99.18,-97.83,-42.11,-15.47,-3.75,8.93,21.64,39.22,218.2,262.85,146.19,75.56,40.37,24.99,16.05,10.94,7.69,5.15,3.62,2.44,1.0,1.29,1.89,2.33,3.84,6.62,9.91,14.28,18.88,24.03,28.58,39.22,291.12,292.14,292.13,291.04,290.93,291.84,293.0,292.11,291.31,291.88,291.92,291.17,291.76,291.17,291.55,292.06,291.27,290.56,291.53,293.06,291.12,277.84,255.87,245.32,253.65,273.45,285.75,290.36,291.54,291.79,290.54,291.81,291.92,289.35,291.93,293.84,292.9,292.69,291.56,293.49,291.64,293.02,292.02,290.67,291.01,293.03,292.3,292.41,12.4,16.03,16.75,15.85,15.33,15.84,16.26,15.51,14.55,13.59,13.47,16.1,0.79,0.0,-0.15,-0.24,271.8963805053999,20.513619494600107
12,4.0,137.65,1025.28,20.73,889.97,1.215,102.61,-120.77,-188.43,-225.35,-233.09,-219.96,-206.15,-197.23,-185.36,-176.15,-159.27,-154.48,-146.77,-142.01,-125.51,-119.06,-115.72,-113.17,-61.49,-31.57,-22.67,-9.02,6.47,20.38,40.4,108.47,279.62,188.91,110.11,66.79,47.48,33.99,27.42,22.4,18.24,15.33,12.95,10.89,10.01,9.73,9.28,9.92,11.88,14.44,18.02,21.99,26.69,31.11,40.4,288.77,289.7,289.97,288.9,288.74,289.54,290.56,289.9,289.18,289.35,289.73,288.84,289.33,288.93,289.2,289.8,288.78,288.19,289.48,290.88,289.08,275.47,251.96,241.36,251.4,272.36,284.48,288.39,289.3,289.44,287.94,289.38,289.03,284.85,289.1,291.04,290.26,289.85,288.73,290.8,289.18,290.36,289.25,287.95,288.25,290.46,289.5,289.54,11.08,15.34,16.04,15.04,14.36,14.74,15.17,14.28,13.38,12.29,12.16,15.53,0.22,-0.01,-0.12,-0.14,269.2227934150915,20.317206584908547
13,5.0,137.62,1025.28,20.75,889.85,1.215,-53.18,-223.85,-276.87,-287.72,-278.69,-256.95,-235.63,-223.4,-206.51,-194.45,-176.09,-171.77,-161.75,-157.14,-142.63,-135.91,-131.84,-79.58,-53.6,-42.41,-31.23,-13.82,3.17,18.39,39.81,-50.39,282.07,224.43,141.37,90.15,67.45,51.9,42.88,36.1,30.54,26.51,22.97,19.78,18.16,17.0,15.83,15.71,16.92,18.76,21.72,25.08,29.22,33.37,39.81,289.73,290.6,290.78,289.47,289.5,290.44,291.49,290.76,289.93,290.38,290.48,289.66,290.3,289.77,290.0,290.71,289.75,288.92,290.26,291.75,289.72,274.88,251.09,239.91,250.7,273.58,285.98,289.42,290.08,290.28,288.84,290.48,290.33,285.97,290.35,292.19,291.39,291.08,289.95,291.9,290.18,291.53,290.4,289.24,289.51,291.2,290.65,290.72,10.33,15.44,16.1,15.0,14.23,14.53,15.11,14.04,12.84,11.63,11.51,15.75,-0.42,0.0,-0.15,-0.17,269.16338814924853,21.556611850751494
14,6.0,141.2,1025.29,20.81,889.78,1.215,-261.07,-336.71,-372.64,-354.21,-324.82,-292.1,-265.67,-247.41,-227.23,-212.85,-193.32,-188.66,-179.44,-174.56,-158.16,-127.68,-94.81,-77.91,-63.93,-50.11,-35.96,-17.1,1.37,17.48,39.12,-258.04,271.23,253.5,171.98,114.8,86.73,70.04,59.26,50.94,44.0,38.62,34.01,30.08,27.41,25.51,23.47,22.6,23.15,24.25,26.49,29.25,32.85,36.44,39.12,291.09,292.12,292.23,291.09,290.9,291.83,293.04,292.14,291.38,291.77,292.03,291.29,291.93,291.17,291.76,292.11,291.34,290.62,291.63,293.02,291.74,279.98,254.69,236.53,246.25,273.57,288.25,291.14,291.57,291.94,290.54,291.97,291.98,287.45,292.04,293.7,292.84,292.61,291.43,293.4,291.6,292.99,291.99,290.59,290.87,292.74,292.16,292.31,10.5,16.26,16.9,15.67,14.72,14.96,15.48,14.17,13.16,11.79,11.69,16.69,-0.48,0.0,-0.1,-0.09,276.25480503625596,16.055194963744043
15,7.0,139.77,1025.29,20.83,889.93,1.215,-510.61,-457.14,-474.33,-420.49,-371.28,-328.43,-295.95,-273.92,-250.81,-236.46,-212.75,-205.63,-188.04,-165.95,-139.85,-122.0,-106.03,-88.83,-70.64,-54.95,-38.93,-19.31,0.11,16.01,37.76,-506.88,243.18,273.14,198.85,137.69,106.07,88.18,74.84,64.95,56.55,50.11,44.57,39.52,36.19,33.41,30.74,29.17,28.96,29.31,30.86,32.93,35.98,39.03,37.76,293.32,294.32,294.48,293.11,293.05,293.98,295.28,294.24,293.88,293.86,294.08,293.47,294.17,293.3,293.89,294.15,293.29,292.92,293.54,294.83,293.51,279.87,252.3,232.43,242.15,273.08,289.58,293.26,293.76,294.06,292.86,294.17,294.58,289.93,294.78,296.25,295.48,295.29,294.02,295.55,293.96,295.43,294.66,293.03,293.37,295.36,294.67,294.71,10.58,17.09,17.69,16.37,15.27,15.34,15.88,14.55,13.46,11.97,11.88,17.59,-0.07,-0.01,-0.11,-0.08,273.4216221533284,21.28837784667155
16,8.0,138.89,1025.29,20.87,889.86,1.215,-785.33,-577.5,-577.44,-484.92,-415.56,-364.19,-325.09,-300.45,-271.55,-241.11,-209.31,-199.6,-186.2,-173.91,-149.27,-129.16,-110.39,-91.95,-72.56,-55.77,-39.42,-19.54,-0.56,14.97,35.13,-782.89,196.27,284.37,220.9,158.0,123.93,103.96,89.44,78.26,68.72,61.29,54.94,49.09,44.85,41.37,37.86,35.54,34.67,34.21,35.15,36.51,38.88,41.02,35.13,293.52,294.49,294.61,293.35,293.37,294.13,295.25,294.27,294.06,294.08,294.23,293.61,294.32,293.47,294.21,294.33,293.6,293.0,293.64,295.02,292.4,275.62,247.7,228.27,235.92,267.24,287.59,293.24,293.94,294.31,292.81,294.13,293.72,288.12,294.22,295.53,294.77,294.55,293.26,295.02,293.36,294.81,293.93,292.55,292.88,294.62,293.98,293.91,10.63,17.75,18.33,16.93,15.77,15.47,16.06,14.89,13.69,12.07,12.0,18.36,0.1,-0.01,-0.11,-0.08,271.6785070337505,22.231492966249505
17,9.0,138.65,1025.29,20.91,889.85,1.215,-1082.59,-691.52,-689.89,-556.53,-468.13,-410.34,-338.9,-299.76,-273.94,-253.64,-224.7,-214.07,-198.54,-182.91,-155.64,-134.58,-114.68,-94.85,-75.07,-57.25,-40.86,-21.41,-3.11,11.07,29.45,-1081.18,132.62,286.79,237.28,175.55,139.78,116.82,101.42,89.06,78.47,70.03,62.56,56.11,50.99,46.86,42.62,39.68,38.0,36.84,37.07,37.69,39.3,40.83,29.45,293.03,294.08,294.23,292.98,292.77,293.76,295.06,293.85,293.57,293.71,293.75,293.22,293.8,293.13,293.71,294.06,293.3,292.62,293.4,294.78,291.71,276.6,250.11,225.69,223.9,249.74,276.71,290.54,293.35,293.96,292.65,293.92,293.61,289.5,294.12,295.43,294.56,294.43,293.23,294.99,293.24,294.71,293.77,292.39,292.74,294.48,293.85,294.09,9.87,17.63,18.17,16.71,15.52,14.66,15.6,14.57,13.16,11.39,11.32,18.32,-0.9,-0.01,-0.13,-0.12,271.2031625187115,22.886837481288467
18,10.0,135.65,1025.28,20.92,890.04,1.215,-1251.9,-711.44,-800.92,-690.77,-459.89,-400.6,-351.83,-315.58,-282.75,-257.92,-225.73,-213.15,-195.21,-178.2,-149.42,-127.42,-107.82,-87.84,-68.35,-51.72,-37.06,-21.15,-6.98,2.51,15.94,-1249.76,77.0,280.86,244.62,186.71,148.57,125.63,109.37,96.24,84.94,75.8,67.78,60.4,54.72,49.98,45.06,41.38,39.03,36.99,36.32,35.97,36.48,36.83,15.94,287.35,288.26,288.55,287.44,287.34,288.15,289.07,288.6,287.46,287.97,288.16,287.59,288.06,287.47,287.89,288.53,287.41,286.95,288.26,288.6,280.27,259.46,235.18,215.87,216.32,239.53,263.94,280.33,286.9,288.21,286.52,288.08,287.68,285.59,288.31,289.67,288.59,288.53,287.47,289.62,287.71,289.09,287.99,286.72,287.01,288.99,287.96,288.35,9.9,17.78,18.32,16.93,15.76,13.84,14.99,14.8,13.38,11.61,11.45,18.55,-0.43,-0.02,-0.13,-0.15,265.2631828322515,23.086817167748507
19,10.25,137.93,1025.33,20.97,889.89,1.214,-1308.75,-741.33,-846.67,-613.4,-473.6,-409.02,-356.88,-320.77,-286.0,-260.67,-228.0,-214.23,-196.02,-177.5,-148.62,-126.22,-106.23,-86.28,-66.85,-50.52,-36.04,-20.59,-7.12,1.54,13.85,-1307.02,65.08,283.91,250.9,192.58,153.7,130.38,113.6,100.21,88.57,79.11,70.82,63.11,57.29,52.28,47.2,43.31,40.71,38.44,37.54,36.97,37.29,37.24,13.85,290.87,291.78,292.1,290.83,290.72,291.64,292.74,291.87,291.23,291.5,291.72,291.01,291.62,290.85,291.49,291.86,290.9,290.23,291.27,290.94,280.47,257.41,233.71,216.02,217.5,240.32,264.46,282.02,289.58,291.56,290.16,291.52,291.47,287.84,292.09,293.27,292.4,292.2,290.99,292.92,291.06,292.52,291.58,290.25,290.53,292.49,291.78,291.88,10.24,18.34,18.88,17.43,16.22,13.93,14.96,15.1,13.74,11.93,11.78,19.01,-0.38,0.01,-0.1,-0.15,269.7772588759252,22.102741124074782
20,10.5,138.36,1025.31,20.99,890.44,1.214,-1354.06,-760.8,-888.48,-560.95,-484.12,-415.34,-362.08,-324.07,-289.68,-262.83,-229.56,-215.3,-195.54,-178.0,-148.48,-125.95,-105.7,-85.45,-66.38,-50.03,-36.3,-21.94,-9.4,-0.94,9.83,-1351.37,51.01,283.03,253.1,194.73,156.0,132.58,115.24,101.68,89.78,80.14,71.71,63.98,57.76,52.61,47.28,43.2,40.45,37.97,36.85,36.12,36.17,36.1,9.83,290.68,291.67,291.66,290.54,290.53,291.29,292.42,291.69,290.83,291.38,291.49,290.85,291.39,290.68,291.09,291.64,290.74,290.05,290.7,289.49,275.47,251.76,229.67,212.7,213.61,235.61,260.22,279.34,288.36,291.09,289.87,291.41,290.93,288.17,291.78,292.94,292.02,291.89,290.7,292.8,290.87,292.21,291.08,290.0,290.21,292.07,291.68,291.47,9.59,17.78,18.36,16.91,15.67,13.28,14.13,14.56,13.18,11.32,11.19,18.46,-0.8,0.02,-0.09,-0.18,270.62881678235107,20.84118321764896
21,10.75,138.52,1025.3,21.02,890.04,1.214,-1407.84,-797.3,-948.97,-549.66,-498.61,-425.91,-370.38,-331.05,-294.79,-266.97,-233.51,-217.63,-197.77,-179.23,-149.4,-126.85,-105.78,-85.61,-66.39,-50.36,-37.22,-24.18,-12.06,-4.72,5.87,-1406.23,35.28,283.38,256.96,198.52,158.79,135.3,117.52,103.6,91.37,81.45,72.74,64.55,58.31,52.89,47.38,43.06,40.07,37.39,36.08,35.09,34.81,34.6,5.87,292.22,293.12,293.34,291.96,291.96,292.85,294.06,293.08,292.48,292.83,292.96,292.42,292.92,292.2,292.73,292.94,292.22,291.52,292.13,291.35,279.04,256.66,234.15,213.56,210.24,229.39,254.13,275.71,288.2,292.36,291.5,293.0,292.35,289.76,293.07,294.28,293.43,293.31,292.08,294.08,292.11,293.56,292.49,291.08,291.47,293.3,293.02,292.75,8.83,17.13,17.7,16.27,15.06,12.34,13.44,13.83,12.5,10.61,10.47,17.81,-1.71,0.02,-0.1,-0.18,270.9456932795209,21.804306720479076
22,11.0,138.25,1025.29,21.04,890.24,1.214,-1269.29,-905.58,-1012.8,-559.02,-505.07,-428.67,-371.85,-331.0,-294.95,-266.89,-232.32,-216.66,-195.76,-177.56,-146.41,-123.4,-102.73,-82.3,-63.82,-49.06,-36.79,-24.87,-13.36,-7.16,2.2,-1267.33,11.83,280.94,258.73,201.01,161.14,137.51,119.74,105.58,93.3,83.17,74.3,66.0,59.58,53.99,48.31,43.84,40.69,37.8,36.29,35.03,34.5,33.86,2.2,291.22,292.13,292.35,291.12,291.04,292.0,293.05,292.14,291.44,291.88,292.01,291.38,291.96,291.19,291.73,292.09,291.18,290.56,290.85,288.3,273.83,250.48,227.98,210.31,210.12,230.33,253.89,274.33,286.28,291.02,290.51,291.87,291.47,287.09,292.11,293.31,292.36,292.28,291.06,293.01,291.32,292.6,291.53,290.26,290.73,292.44,291.92,291.81,9.14,17.4,17.97,16.53,15.21,12.3,13.12,13.83,12.8,10.87,10.73,18.06,-1.26,0.02,-0.12,-0.16,270.41096977228744,21.399030227712558
23,11.25,137.98,1025.27,21.11,889.98,1.214,-1320.98,-953.56,-1084.15,-591.36,-514.87,-431.46,-373.05,-331.98,-294.99,-265.73,-230.5,-214.77,-193.54,-174.48,-143.95,-121.42,-99.59,-79.07,-61.61,-47.42,-36.03,-25.92,-15.32,-10.76,-1.62,-1319.17,-7.59,278.86,260.52,203.66,163.62,139.74,121.82,107.56,95.01,84.72,75.73,67.42,60.67,54.94,49.1,44.45,41.11,37.99,36.26,34.78,33.96,33.03,-1.62,290.25,291.22,291.44,289.96,290.12,290.96,292.05,291.3,290.67,290.81,291.06,290.59,290.88,290.39,290.77,291.12,290.52,289.52,289.23,284.39,266.34,242.07,220.84,206.13,207.7,229.86,254.06,274.01,285.81,290.13,289.57,291.16,290.67,286.98,290.72,292.46,291.42,291.33,290.18,292.25,290.41,291.73,290.86,289.51,289.7,291.51,291.15,291.04,9.46,17.7,18.33,16.91,15.44,12.35,12.94,14.0,13.21,11.25,11.06,18.41,-0.79,0.01,-0.14,-0.14,269.8762736663269,21.16372633367314
24,11.5,137.33,1025.16,21.14,890.18,1.214,-1377.86,-989.97,-1094.2,-630.1,-526.01,-437.65,-376.16,-334.36,-296.84,-265.93,-230.46,-212.98,-190.8,-170.85,-141.34,-120.15,-96.1,-75.99,-59.49,-46.56,-36.22,-27.85,-17.95,-14.76,-5.43,-1376.55,-19.73,278.97,263.75,207.12,167.07,142.42,124.57,110.03,97.22,86.69,77.45,68.9,62.03,56.08,50.03,45.21,41.61,38.26,36.29,34.56,33.4,32.27,-5.43,291.61,292.55,292.79,291.52,291.36,292.37,293.39,292.52,292.04,292.26,292.35,291.89,292.42,291.62,291.72,292.46,291.59,290.51,290.0,285.12,266.88,241.85,221.17,206.62,207.28,227.93,251.98,272.76,285.84,290.96,290.86,292.28,292.14,287.83,292.2,293.96,293.13,293.05,291.77,293.73,291.87,293.3,292.15,290.9,291.13,292.99,292.54,292.45,9.66,18.02,18.65,17.26,15.77,12.18,12.93,14.1,13.48,11.54,11.31,18.69,-0.53,0.0,-0.19,-0.22,268.58915468669085,23.86084531330914
25,11.75,136.98,1025.24,21.15,890.02,1.214,-1413.77,-1014.46,-1000.96,-639.69,-526.9,-436.73,-375.83,-333.02,-294.44,-262.41,-225.68,-208.55,-185.4,-164.99,-133.93,-112.73,-89.8,-70.7,-55.93,-44.99,-37.19,-31.11,-22.54,-20.04,-12.09,-1411.33,-33.96,276.11,264.49,208.36,168.56,143.86,125.67,111.03,98.09,87.39,78.02,69.33,62.27,56.18,49.89,44.88,41.0,37.42,35.15,33.1,31.49,29.81,-12.09,290.54,291.52,291.62,290.47,290.46,291.22,292.2,291.47,290.77,291.27,291.31,290.84,291.17,290.5,290.47,291.41,290.46,289.59,288.96,284.04,266.79,242.1,221.21,205.58,204.49,223.33,246.18,267.89,282.52,289.11,289.44,291.17,291.03,286.85,291.19,293.06,292.12,291.91,290.75,292.68,291.03,292.44,291.21,289.89,290.21,292.08,291.44,291.64,9.9,18.23,18.88,17.53,16.01,12.23,12.95,14.29,13.74,11.83,11.6,18.92,-0.64,0.05,-0.19,-0.28,267.8961563988229,23.743843601177105
26,12.0,138.99,1025.26,21.17,889.91,1.214,-1479.19,-1044.27,-1057.47,-649.78,-535.65,-441.96,-378.62,-334.82,-296.24,-261.59,-222.6,-203.53,-178.1,-157.49,-125.12,-104.16,-81.85,-64.19,-52.6,-45.58,-41.38,-38.18,-32.75,-30.74,-21.2,-1477.19,-42.34,278.36,268.56,212.41,171.65,146.57,127.94,112.91,99.62,88.6,78.97,69.72,62.56,56.14,49.55,44.18,40.07,36.11,33.45,30.98,28.83,26.41,-21.2,293.33,294.21,294.44,293.14,293.13,293.94,295.2,294.13,294.03,293.76,294.02,293.34,293.97,293.35,293.28,294.04,293.26,292.04,290.43,283.51,264.35,239.35,218.55,205.25,206.18,225.9,249.37,270.38,285.25,292.15,292.46,294.26,293.84,288.86,293.66,295.52,294.75,294.62,293.27,295.14,293.41,294.74,293.85,292.42,292.78,294.68,294.08,294.19,9.52,17.87,18.54,17.15,15.35,11.19,11.53,13.31,13.42,11.44,11.18,18.53,-1.2,0.0,-0.12,-0.12,271.8765736382217,22.313426361778284
27,12.25,138.61,1025.24,21.18,889.79,1.213,-1512.66,-1055.71,-1063.24,-646.5,-531.86,-438.35,-374.13,-327.92,-289.14,-252.79,-212.42,-191.45,-163.36,-141.22,-108.21,-88.19,-69.28,-57.74,-51.43,-48.93,-48.16,-45.93,-41.61,-40.34,-28.5,-1510.34,-48.2,277.17,269.76,214.06,173.88,148.02,129.33,114.23,100.75,89.55,79.71,70.47,62.92,56.28,49.45,43.8,39.36,35.1,32.07,29.18,26.52,23.52,-28.5,293.48,294.45,294.58,293.33,293.34,294.07,295.24,294.22,294.1,293.87,294.15,293.49,294.11,293.42,293.27,294.25,293.37,292.3,290.54,284.49,265.72,240.7,220.36,205.47,204.45,221.54,243.51,266.23,282.28,290.89,292.13,294.3,294.37,288.85,294.19,296.07,295.2,295.08,293.79,295.77,293.73,295.25,294.47,292.88,293.21,295.2,294.56,294.63,10.18,18.49,19.22,17.81,16.01,11.44,11.77,13.71,14.08,12.09,11.87,19.16,-0.46,0.0,-0.12,-0.19,271.1239405377705,23.506059462229473
28,12.5,137.44,1025.23,21.22,890.13,1.213,-1455.26,-1058.94,-1090.67,-632.4,-520.55,-427.45,-362.15,-314.39,-275.29,-237.21,-198.57,-172.42,-143.49,-120.71,-89.09,-76.05,-63.39,-57.14,-54.18,-53.59,-54.3,-52.58,-49.09,-47.85,-35.99,-1452.06,-52.03,273.3,267.32,212.88,172.98,147.48,128.8,113.72,100.23,88.95,79.05,69.71,62.05,55.25,48.24,42.37,37.65,33.21,29.81,26.53,23.41,19.82,-35.99,290.48,291.23,291.3,290.29,290.27,290.98,291.99,291.25,290.7,290.97,291.12,290.47,290.94,290.25,290.01,291.08,289.99,288.39,286.17,276.75,258.13,233.26,213.03,200.74,202.53,220.67,241.79,263.58,278.88,287.48,288.46,290.81,290.58,285.39,290.66,292.48,291.64,291.63,290.26,292.41,290.53,291.89,290.86,289.44,289.85,292.03,291.03,291.1,10.06,18.29,19.02,17.66,15.73,11.2,11.08,13.68,13.78,11.89,11.74,18.98,-0.35,0.07,-0.14,-0.21,268.8069636582246,22.293036341775405
29,12.75,139.17,1025.25,21.23,890.09,1.213,-1420.11,-1072.39,-1109.25,-637.81,-522.13,-426.15,-359.03,-309.68,-265.5,-225.84,-185.16,-155.82,-127.12,-105.27,-79.44,-72.81,-65.38,-62.94,-62.22,-62.37,-63.51,-62.07,-58.85,-58.09,-44.41,-1416.42,-56.03,276.36,271.77,216.32,176.49,150.11,131.03,115.55,101.7,90.1,79.84,70.24,62.2,55.07,47.74,41.54,36.42,31.62,27.78,24.04,20.49,16.31,-44.41,294.04,294.82,294.93,293.55,293.87,294.37,295.89,294.72,294.67,294.39,294.48,293.99,294.6,293.72,293.73,294.69,293.6,291.96,289.42,280.39,261.76,237.83,219.04,205.49,204.54,220.52,240.41,262.16,278.7,288.76,291.42,294.36,294.05,291.72,294.13,295.98,295.09,295.04,293.72,295.73,293.58,295.16,294.23,292.74,293.09,295.2,294.44,294.36,9.69,18.23,19.0,17.65,15.58,10.36,10.65,12.78,13.23,11.5,11.46,18.84,-0.88,0.03,-0.24,-0.49,272.2331029983148,22.126897001685222
30,13.0,134.61,1025.22,21.28,889.79,1.213,-1323.84,-1043.46,-1145.6,-613.96,-503.22,-408.15,-339.14,-292.23,-246.03,-204.78,-165.37,-137.9,-110.57,-93.04,-73.58,-71.59,-66.95,-65.63,-64.76,-65.77,-67.04,-65.84,-62.8,-62.65,-48.56,-1318.38,-52.61,271.0,267.67,214.26,174.42,148.53,129.86,114.52,100.76,89.24,78.98,69.29,61.31,54.12,46.69,40.37,34.96,30.15,26.12,22.04,18.27,13.94,-48.56,289.15,289.81,289.98,288.7,288.88,289.78,290.72,289.94,289.37,289.59,289.76,289.24,289.73,288.97,288.69,289.83,288.81,287.13,285.01,275.7,258.31,234.75,216.04,202.46,199.86,213.88,232.79,254.19,271.28,282.83,286.0,289.38,289.49,286.61,289.64,291.63,290.6,290.47,289.29,291.27,289.86,290.88,289.86,288.37,288.79,291.01,290.03,290.09,10.57,18.8,19.63,18.28,16.22,10.37,10.64,12.0,13.71,12.09,12.12,19.39,-0.15,0.03,-0.11,-0.2,263.20477951205856,26.88522048794141
31,14.0,137.6,1025.28,21.38,889.93,1.213,-1198.47,-939.67,-1172.1,-575.16,-448.38,-350.64,-275.91,-222.71,-172.46,-137.11,-105.82,-100.64,-94.24,-94.64,-85.41,-89.75,-90.11,-90.63,-91.18,-92.5,-94.11,-93.99,-92.05,-91.63,-75.33,-1194.07,-32.8,274.66,271.46,217.82,178.56,151.7,132.27,116.4,101.99,89.81,78.8,68.21,59.46,51.53,43.28,35.92,29.65,23.89,18.7,13.55,8.54,3.0,-75.33,292.43,292.99,293.1,291.92,292.29,292.96,293.96,292.96,292.98,292.56,292.84,291.86,292.79,292.05,291.94,292.9,291.68,289.46,285.55,274.02,254.44,230.46,213.53,203.73,205.37,222.06,239.74,260.3,275.52,285.63,288.85,292.24,292.7,287.67,292.78,294.73,293.98,293.72,291.58,294.6,292.79,293.9,292.89,291.56,291.87,293.68,293.31,293.6,9.3,19.25,20.37,19.05,16.24,4.33,8.47,2.36,2.87,3.7,8.31,19.67,-1.11,0.01,-0.1,-0.06,269.12378482662393,24.47621517337609
32,13.75,137.35,1025.28,21.48,889.76,1.212,-1245.84,-991.18,-1193.29,-584.9,-466.29,-369.09,-294.54,-242.51,-191.12,-151.56,-113.64,-103.36,-93.12,-91.77,-84.27,-85.69,-85.44,-86.86,-85.54,-87.22,-88.22,-88.4,-86.32,-86.23,-70.79,-1242.19,-40.92,275.46,273.17,218.3,178.33,152.73,133.21,117.22,102.76,90.8,79.88,69.51,60.78,52.96,44.86,37.59,31.57,25.86,21.01,16.05,11.25,5.62,-70.79,293.95,294.41,294.36,293.39,294.16,293.35,295.31,294.2,293.92,293.9,293.99,293.23,294.25,293.32,293.16,293.53,293.2,290.95,288.7,279.44,261.83,237.93,218.83,205.57,203.54,216.29,233.28,254.35,272.91,285.1,289.4,293.24,293.5,289.08,293.94,295.53,294.77,294.34,292.31,295.28,293.96,294.62,293.7,292.24,292.64,294.53,294.08,294.59,9.67,19.24,20.25,18.92,16.3,6.43,8.98,5.88,7.64,7.37,10.03,19.73,-0.31,0.02,-0.09,-0.11,268.62875597959146,25.961244020408515
33,13.5,139.11,1025.24,21.5,889.88,1.212,-1278.13,-1023.55,-1188.05,-596.73,-481.6,-384.51,-311.38,-260.7,-209.4,-169.49,-126.14,-109.26,-93.29,-88.22,-80.72,-79.68,-79.76,-80.7,-79.57,-81.19,-82.04,-82.03,-80.03,-79.71,-65.08,-1276.03,-47.42,275.2,272.46,216.68,177.69,151.89,132.45,116.58,102.23,90.44,79.71,69.5,60.9,53.26,45.35,38.28,32.47,26.98,22.36,17.63,13.13,7.81,-65.08,293.33,293.22,293.76,292.8,293.45,292.82,294.66,293.56,293.13,293.48,293.39,292.56,293.55,292.84,292.57,292.95,292.55,291.31,289.88,283.23,267.45,245.74,226.56,208.92,202.02,211.6,227.42,248.37,266.76,281.58,287.45,291.34,292.59,288.71,293.46,294.84,294.1,293.75,291.63,294.71,293.3,294.05,293.18,291.72,292.25,293.9,293.35,293.95,9.9,18.7,19.64,18.33,16.15,7.58,9.53,7.93,10.62,10.0,10.94,19.24,-0.95,0.0,-0.08,-0.09,272.1142585251345,21.835741474865472
34,13.25,138.28,1025.28,21.52,889.97,1.212,-1308.6,-1041.21,-1173.92,-612.37,-498.0,-401.57,-330.47,-280.95,-231.99,-191.31,-148.37,-124.26,-99.9,-89.0,-77.6,-75.53,-73.53,-74.02,-72.51,-73.58,-74.35,-74.09,-71.23,-71.34,-58.85,-1306.01,-52.05,274.32,271.71,216.13,176.47,151.06,131.79,115.97,101.8,90.2,79.58,69.59,61.17,53.74,46.07,39.28,33.68,28.45,24.14,19.7,15.55,10.67,-58.85,292.67,292.42,293.11,292.15,292.91,292.18,294.07,293.07,292.6,292.73,292.91,292.16,292.87,292.3,291.89,292.31,292.23,290.87,290.55,285.13,272.07,251.79,232.83,211.93,201.29,205.56,218.9,239.33,259.84,277.19,284.94,290.12,292.17,286.8,292.88,294.36,293.44,293.23,291.35,294.22,292.86,293.63,292.58,291.5,291.85,293.37,292.84,293.5,10.04,18.47,19.36,18.01,16.23,8.66,10.22,9.26,12.2,10.99,11.37,19.06,-1.1,0.0,-0.08,-0.08,270.4703821421641,23.029617857835888
35,13.0,138.81,1025.29,21.55,889.79,1.212,-1343.44,-1055.5,-1145.03,-622.43,-507.98,-411.11,-342.37,-295.22,-247.69,-208.34,-165.76,-139.63,-110.84,-93.69,-77.36,-72.29,-68.2,-68.0,-66.38,-67.03,-67.93,-66.62,-63.64,-63.69,-51.76,-1340.52,-53.87,273.88,270.69,214.65,175.2,150.31,130.92,115.27,101.28,89.86,79.4,69.56,61.45,54.18,46.75,40.17,34.83,29.91,25.86,21.77,17.93,13.43,-51.76,292.08,291.8,292.39,291.5,292.25,291.56,293.25,292.26,291.79,292.01,292.16,291.31,292.38,291.61,291.15,291.62,291.19,288.88,284.99,272.15,251.29,227.55,210.03,201.46,205.12,223.91,244.08,265.57,279.81,288.39,289.83,291.43,292.09,286.82,292.79,294.11,292.9,292.89,291.02,294.1,292.56,293.33,292.13,291.16,291.59,292.98,292.89,293.45,9.99,18.44,19.25,17.86,15.48,9.68,9.98,11.77,13.18,11.47,11.51,19.1,-0.69,-0.01,-0.09,-0.17,271.5200564564721,21.929943543527884
36,12.75,137.79,1025.22,21.56,890.21,1.212,-1391.0,-1066.25,-1114.73,-631.23,-515.64,-421.05,-354.0,-306.62,-262.2,-224.4,-182.83,-156.37,-126.23,-103.39,-81.51,-72.01,-65.45,-64.12,-62.03,-61.56,-62.65,-61.04,-57.73,-57.72,-46.08,-1389.38,-55.87,273.37,269.48,213.19,173.45,149.03,129.81,114.27,100.44,89.17,78.93,69.1,61.32,54.26,47.01,40.69,35.6,30.91,27.17,23.44,19.9,15.74,-46.08,291.64,291.28,291.84,291.26,291.67,291.23,292.71,291.88,291.35,291.47,291.69,290.86,291.76,291.0,290.61,291.05,291.0,289.12,287.08,277.66,259.39,235.15,215.66,201.81,200.59,217.35,237.18,258.77,275.31,286.39,288.85,290.96,291.61,287.19,292.17,293.6,292.01,292.56,290.7,293.51,292.07,292.92,291.78,290.83,291.1,292.45,292.29,292.94,9.92,18.16,18.93,17.57,15.43,10.14,10.24,12.36,13.49,11.66,11.52,18.81,-0.81,0.0,-0.07,-0.1,269.5000224619353,23.43997753806468
37,12.5,136.87,1025.27,21.57,890.22,1.212,-1437.15,-1046.23,-1097.07,-629.39,-515.36,-423.39,-357.98,-312.33,-270.59,-236.72,-196.35,-171.66,-140.28,-117.81,-89.03,-73.65,-62.72,-58.86,-55.71,-54.14,-54.88,-52.82,-49.29,-47.99,-37.65,-1433.96,-50.75,272.06,266.36,210.61,170.69,146.95,128.14,112.94,99.41,88.43,78.48,69.03,61.47,54.71,47.77,41.8,37.07,32.69,29.36,26.06,22.94,19.37,-37.65,288.98,288.59,289.26,288.41,289.15,288.55,290.06,289.35,288.39,289.12,289.15,288.36,289.08,288.4,287.97,288.64,288.42,287.0,286.15,278.4,261.97,238.44,218.31,202.54,199.87,214.97,234.43,256.81,273.18,283.87,286.1,288.18,288.58,284.55,289.28,290.64,289.03,289.32,287.95,290.52,289.28,289.97,288.81,288.16,288.42,289.48,289.08,289.73,9.83,18.0,18.77,17.42,15.65,10.85,11.09,13.05,13.51,11.69,11.5,18.62,-1.17,0.0,-0.12,-0.27,267.67836644655404,22.05163355344598
38,12.25,136.63,1025.3,21.59,890.13,1.212,-1484.12,-1049.34,-1080.66,-634.95,-522.13,-429.44,-366.11,-323.52,-281.34,-249.32,-209.0,-187.78,-157.14,-134.16,-104.34,-82.86,-66.33,-57.19,-51.4,-47.94,-47.36,-46.06,-42.08,-40.65,-30.34,-1481.61,-46.35,273.74,265.34,210.13,170.11,146.57,127.74,112.62,99.2,88.37,78.6,69.26,61.93,55.34,48.65,42.86,38.49,34.33,31.32,28.45,25.76,22.67,-30.34,290.31,290.09,290.2,289.94,290.08,289.92,291.41,290.65,289.89,290.34,290.48,289.56,290.46,289.84,289.37,290.01,289.88,288.68,288.45,282.51,267.91,245.55,224.73,206.34,200.64,213.47,232.78,256.0,273.57,285.17,287.5,289.67,289.84,286.86,290.54,291.81,290.2,289.87,288.95,291.05,290.24,291.1,289.89,289.28,289.68,290.51,290.53,291.09,10.22,18.31,19.05,17.72,16.08,11.24,12.03,13.39,14.01,12.15,11.91,18.96,-0.44,-0.01,-0.16,-0.17,267.20320415561804,23.886795844381936
39,12.0,138.71,1025.28,21.6,889.87,1.212,-1464.42,-1038.41,-1067.97,-642.23,-526.93,-437.09,-372.3,-331.23,-291.23,-258.59,-221.44,-201.6,-173.04,-152.21,-122.73,-98.41,-79.1,-63.88,-52.38,-44.38,-41.14,-38.63,-32.29,-31.06,-22.45,-1462.06,-41.79,275.9,264.67,209.37,169.43,145.81,126.88,111.84,98.55,87.9,78.21,69.26,61.92,55.54,49.03,43.54,39.43,35.56,32.96,30.45,28.27,25.81,-22.45,291.47,291.11,290.7,290.83,290.64,290.79,292.42,291.63,290.9,291.31,291.33,290.56,291.43,290.59,290.26,290.79,290.8,289.48,289.32,283.22,267.36,244.76,223.93,205.41,202.05,216.91,236.35,259.25,276.45,286.89,288.85,290.78,291.14,286.59,291.82,293.04,291.63,291.27,290.28,292.34,291.59,292.32,291.12,290.51,291.02,291.9,291.93,292.27,9.52,17.77,18.47,17.16,15.6,11.29,12.05,13.29,13.4,11.5,11.25,18.46,-1.0,0.0,-0.21,-0.32,271.32199661774735,20.948003382252637
40,11.75,137.04,1025.33,21.63,889.76,1.212,-1420.24,-1018.43,-1008.03,-640.73,-525.05,-438.35,-373.18,-333.85,-293.52,-263.39,-226.47,-208.03,-185.03,-162.5,-133.92,-110.32,-88.55,-71.21,-55.97,-44.03,-36.3,-30.69,-22.57,-19.82,-12.78,-1417.8,-32.65,277.14,263.82,208.09,168.06,145.16,126.19,111.35,98.28,87.77,78.41,69.53,62.52,56.34,50.11,44.91,41.12,37.52,35.28,33.22,31.58,29.89,-12.78,291.83,291.46,291.26,291.53,291.14,291.14,292.74,291.98,291.43,291.62,291.68,290.9,291.89,291.13,290.7,291.36,291.15,290.16,290.73,286.74,272.75,250.9,229.31,209.0,202.99,216.34,236.27,260.32,277.48,287.68,289.57,291.35,291.67,287.14,292.3,293.7,292.28,291.8,291.07,292.83,292.18,292.94,290.94,291.13,291.52,292.57,292.39,292.86,10.12,18.35,19.05,17.69,16.26,12.19,13.2,13.87,14.02,12.12,11.85,19.05,-0.11,0.01,-0.12,-0.29,268.01495283520376,24.845047164796256
41,11.5,136.76,1025.2,21.65,890.24,1.211,-1358.73,-984.58,-1082.61,-619.81,-516.12,-432.49,-368.92,-330.29,-292.77,-262.61,-227.67,-210.26,-189.14,-166.18,-139.38,-115.31,-93.91,-75.84,-59.13,-45.16,-35.13,-26.57,-17.11,-13.69,-6.06,-1356.78,-19.21,276.14,260.01,203.86,164.43,141.92,123.44,108.92,96.18,85.97,76.87,68.35,61.62,55.61,49.69,44.76,41.24,37.97,36.03,34.34,33.16,31.91,-6.06,288.98,288.61,288.44,288.57,288.35,288.3,289.94,289.31,288.54,289.23,289.13,288.37,289.01,288.35,288.01,288.63,288.19,287.34,287.24,280.96,263.58,239.57,218.87,203.51,204.44,224.73,246.93,269.25,281.59,287.58,287.35,288.61,288.31,285.68,288.84,289.81,289.14,288.38,287.89,289.62,288.82,289.68,287.83,287.9,288.23,289.12,288.94,289.6,9.97,18.11,18.75,17.36,15.85,12.35,12.88,14.14,13.76,11.78,11.53,18.81,-0.24,-0.02,-0.1,-0.09,267.46058104237017,22.139418957629857
42,11.25,138.54,1025.25,21.66,889.73,1.212,-1323.26,-951.02,-1081.71,-591.34,-512.8,-431.81,-369.74,-332.28,-294.65,-264.91,-230.89,-213.68,-193.09,-170.01,-143.48,-119.74,-98.03,-79.01,-61.3,-46.16,-34.85,-24.36,-14.43,-10.35,-1.87,-1320.52,-7.17,279.96,260.25,203.2,163.54,140.99,122.46,108.01,95.38,85.21,76.25,67.85,61.2,55.32,49.56,44.82,41.41,38.33,36.67,35.17,34.29,33.37,-1.87,291.38,291.18,290.84,291.21,290.91,290.85,292.47,291.65,291.12,291.5,291.44,290.85,291.59,290.8,290.44,290.94,290.88,289.89,290.41,285.81,270.37,247.19,225.63,208.04,207.17,226.74,249.44,271.81,284.69,290.16,289.81,290.96,290.75,286.62,291.24,291.92,291.42,290.84,290.18,291.9,291.06,291.88,289.97,290.1,290.53,291.57,291.24,291.91,9.62,17.82,18.43,17.08,15.64,12.45,13.16,14.04,13.32,11.37,11.19,18.55,-0.62,-0.04,-0.1,-0.16,270.9853035182418,20.924696481758247
43,11.0,136.71,1025.27,21.66,890.14,1.212,-1253.53,-897.36,-1002.47,-550.85,-498.5,-423.83,-363.91,-327.11,-290.71,-262.3,-228.63,-213.23,-192.95,-170.82,-143.82,-121.35,-99.54,-80.83,-62.62,-46.43,-34.28,-21.87,-11.47,-6.32,2.32,-1252.56,13.6,280.09,257.23,199.74,160.44,138.25,120.09,105.96,93.64,83.71,74.98,66.87,60.42,54.72,49.19,44.65,41.53,38.63,37.17,35.95,35.38,34.65,2.32,290.27,289.96,289.61,290.14,289.64,289.79,291.3,290.61,289.99,290.4,290.42,289.77,290.37,289.74,289.41,289.97,289.69,288.88,289.75,286.86,273.06,250.78,229.39,209.39,206.83,224.85,247.25,269.88,282.95,288.96,288.66,289.66,289.3,285.13,289.7,290.42,290.11,289.3,288.85,290.37,289.54,290.54,288.52,288.57,289.12,289.9,289.76,290.35,10.23,18.32,18.9,17.54,16.14,13.17,13.99,14.64,13.87,11.96,11.75,19.02,-0.12,-0.02,-0.11,-0.1,267.3615891803313,22.98841081966873
44,10.75,138.55,1025.31,21.67,890.26,1.212,-1234.46,-795.03,-946.25,-544.57,-496.36,-422.23,-363.88,-327.5,-291.99,-264.42,-230.86,-215.72,-195.18,-174.4,-147.62,-124.51,-102.93,-84.14,-65.0,-48.27,-35.07,-21.53,-10.16,-4.16,5.43,-1233.15,29.26,281.65,256.1,198.17,158.52,136.37,118.35,104.34,92.14,82.33,73.63,65.62,59.36,53.82,48.4,44.02,41.04,38.35,37.07,36.07,35.77,35.26,5.43,292.15,291.92,291.59,292.2,291.53,291.73,293.21,292.34,291.94,292.09,292.14,291.4,292.32,291.51,291.23,291.68,291.8,290.72,292.09,289.98,278.66,257.23,235.12,213.6,208.91,225.94,249.17,272.7,285.76,291.24,290.75,291.92,291.96,286.16,292.67,293.29,292.74,292.23,291.67,293.21,292.35,293.23,291.25,291.37,291.83,292.86,292.82,293.27,9.93,18.06,18.66,17.22,15.95,13.21,14.19,14.55,13.55,11.65,11.47,18.79,-0.74,-0.01,-0.13,-0.15,271.00510869398346,22.264891306016523
45,10.5,136.58,1025.26,21.68,889.64,1.211,-1351.92,-762.35,-887.81,-559.33,-484.58,-413.54,-359.81,-321.68,-287.38,-260.23,-228.42,-214.0,-194.19,-173.05,-146.71,-124.1,-103.26,-84.1,-65.11,-48.06,-33.99,-19.39,-7.47,-1.07,10.01,-1350.36,52.37,282.84,253.29,194.92,155.8,133.73,116.14,102.46,90.54,80.94,72.52,64.72,58.76,53.41,48.24,44.03,41.32,38.83,37.75,37.0,36.94,36.95,10.01,291.71,291.36,291.16,291.51,291.08,291.3,292.7,291.97,291.59,291.61,291.66,290.67,291.91,291.05,290.63,291.36,291.15,290.22,291.46,289.68,277.02,253.89,232.52,213.55,212.71,234.19,257.94,278.42,288.11,291.4,290.34,291.35,290.59,287.72,291.34,291.93,291.58,290.73,290.26,291.77,291.15,291.29,290.06,290.19,290.52,291.59,291.47,291.75,10.79,18.82,19.42,17.97,16.63,14.18,15.02,15.32,14.33,12.48,12.31,19.55,0.79,-0.01,-0.11,-0.11,267.10421473676536,24.645785263234643
46,10.25,137.81,1025.25,21.69,889.95,1.211,-1313.04,-741.07,-852.2,-614.42,-477.4,-411.38,-359.26,-321.76,-288.33,-262.33,-229.99,-215.34,-196.88,-177.0,-149.63,-127.18,-106.44,-88.2,-68.31,-50.43,-36.06,-20.59,-7.54,-0.1,12.04,-1311.92,64.72,282.81,250.15,191.2,152.51,130.21,112.94,99.55,87.72,78.31,70.05,62.56,56.59,51.41,46.34,42.31,39.74,37.53,36.6,36.09,36.29,36.46,12.04,291.38,291.09,290.77,291.29,290.69,290.73,292.37,291.63,291.2,291.26,291.3,290.1,291.56,290.7,290.33,290.97,290.91,289.84,291.42,290.75,280.65,258.67,236.26,216.27,215.67,237.97,261.13,280.12,288.37,291.26,290.05,291.09,291.51,286.9,292.08,292.67,292.36,291.48,290.95,292.62,291.77,291.9,290.82,290.82,291.17,292.23,291.99,292.51,9.67,17.72,18.36,16.96,15.71,13.45,14.65,14.61,13.23,11.4,11.26,18.49,-0.66,-0.01,-0.11,-0.23,269.5396272128841,22.970372787115878
47,10.0,138.09,1025.26,21.73,889.78,1.211,-1261.22,-716.86,-810.59,-695.68,-464.51,-404.04,-354.23,-317.67,-284.92,-259.64,-227.8,-215.91,-196.51,-179.54,-150.5,-128.88,-107.78,-89.34,-69.53,-51.63,-36.67,-20.84,-6.76,1.84,14.66,-1260.24,77.41,281.91,245.47,186.96,148.89,126.69,109.72,96.63,85.07,75.89,67.9,60.66,54.86,49.86,45.02,41.21,38.83,36.86,36.14,35.85,36.28,36.88,14.66,289.6,289.23,289.0,289.71,288.96,289.09,290.58,290.03,289.36,289.77,289.68,288.37,289.75,288.99,288.63,289.3,289.14,288.22,289.91,289.86,282.33,262.31,238.8,217.24,215.85,238.49,262.36,280.54,287.47,289.54,288.11,289.2,289.17,284.83,289.8,290.42,290.31,289.33,288.87,290.49,289.01,289.76,288.5,288.59,288.97,290.03,289.84,290.33,8.83,16.81,17.43,16.01,14.74,12.71,13.84,13.69,12.31,10.47,10.37,17.48,-1.4,0.04,-0.07,-0.15,270.0941095129089,20.23589048709107
48,9.0,137.08,1025.28,21.74,889.88,1.211,-1068.5,-682.62,-679.53,-547.04,-463.87,-404.59,-332.91,-298.31,-271.06,-249.01,-220.46,-213.68,-194.21,-179.98,-151.58,-134.63,-111.11,-93.09,-73.5,-55.81,-39.02,-19.03,-1.43,11.5,29.16,-1067.09,131.75,283.01,234.28,172.9,137.97,117.23,100.88,88.82,78.22,69.91,62.74,56.11,51.27,47.04,42.95,39.88,38.29,37.2,37.31,37.99,39.54,41.18,29.16,290.42,290.01,289.72,290.29,289.88,289.88,291.27,290.47,290.04,290.41,290.3,289.24,290.57,289.73,289.29,290.06,289.82,288.85,290.48,291.19,288.37,274.47,250.72,224.21,219.6,244.28,270.04,286.02,289.39,290.35,288.84,289.87,289.79,286.42,290.48,291.07,291.15,289.94,289.5,291.06,289.51,290.37,289.18,289.24,289.7,290.69,290.45,291.21,10.2,17.79,18.33,16.96,15.7,14.76,15.64,14.67,13.39,11.66,11.55,18.48,-0.38,-0.02,-0.1,-0.05,268.09415121120736,23.11584878879262
49,9.75,138.9,1025.23,21.83,890.26,1.211,-1236.03,-713.71,-785.93,-696.39,-448.77,-395.99,-349.55,-317.67,-286.64,-258.92,-229.31,-217.4,-196.52,-180.47,-151.3,-132.67,-111.04,-91.07,-70.96,-53.94,-38.49,-19.89,-4.18,5.29,19.92,-1232.33,91.58,284.33,244.8,185.49,147.83,126.02,108.81,95.92,84.65,75.55,67.84,60.64,55.09,50.23,45.6,41.96,39.82,38.09,37.53,37.52,38.29,39.26,19.92,291.69,291.31,291.21,290.77,291.16,291.45,292.12,291.8,291.45,291.6,291.53,290.67,291.55,290.91,290.56,291.67,291.11,290.36,291.74,291.16,279.63,255.45,232.43,218.18,225.93,254.34,275.98,288.12,290.65,291.69,289.45,291.3,290.96,287.35,292.19,292.93,293.01,291.66,291.26,292.77,291.12,292.13,290.93,290.89,291.33,292.7,292.2,291.99,9.79,17.8,18.36,16.94,15.6,14.16,14.93,14.48,13.15,11.36,11.28,18.49,-0.4,0.0,-0.08,-0.05,271.698313525054,20.291686474946005
50,9.5,137.65,1025.25,21.82,889.84,1.211,-1193.38,-697.7,-746.49,-636.04,-457.67,-393.86,-346.07,-316.07,-285.61,-260.66,-231.06,-218.82,-198.27,-181.97,-153.29,-134.87,-112.85,-93.26,-72.56,-55.58,-39.64,-20.3,-3.57,7.39,23.26,-1189.64,102.4,284.68,242.4,182.32,145.18,123.2,106.46,93.79,82.72,73.77,66.2,59.13,53.83,49.14,44.6,41.19,39.21,37.73,37.38,37.6,38.65,39.87,23.26,291.98,291.84,291.86,291.42,291.56,291.93,292.61,292.34,291.96,292.18,291.96,291.12,291.87,291.37,291.05,292.27,291.55,290.88,292.29,292.48,284.9,263.3,237.66,218.44,224.35,254.04,277.45,288.99,291.31,292.22,289.78,291.68,292.06,286.86,292.86,293.66,293.86,292.63,292.08,293.82,291.85,293.04,291.96,291.67,292.11,293.61,292.79,293.16,9.74,17.77,18.36,16.97,15.71,14.5,15.5,14.88,13.11,11.37,11.33,18.52,-0.48,0.04,-0.16,-0.24,269.2227934150915,23.93720658490855
51,9.25,137.78,1025.3,21.82,889.86,1.211,-1143.56,-698.3,-713.19,-571.75,-488.43,-384.18,-334.47,-306.57,-279.65,-257.13,-228.07,-215.87,-196.24,-182.04,-152.78,-135.72,-113.2,-94.04,-73.75,-56.29,-40.14,-19.62,-2.53,9.92,26.64,-1138.49,114.74,283.76,238.29,177.55,141.54,119.72,103.33,90.96,80.24,71.49,64.13,57.22,52.21,47.74,43.47,40.28,38.47,37.21,37.1,37.54,38.85,40.33,26.64,290.62,290.27,290.16,289.88,290.2,290.5,291.1,290.92,290.42,290.73,290.58,289.81,290.5,290.04,289.6,290.86,290.18,289.3,290.86,291.4,286.54,268.92,243.61,220.83,222.35,250.57,274.74,287.67,289.88,290.58,288.25,290.15,289.61,285.28,290.83,291.67,291.98,290.49,290.11,291.81,290.01,291.05,289.8,289.79,290.21,291.39,290.93,291.09,9.48,17.27,17.84,16.43,15.15,14.13,14.97,14.15,12.77,11.0,10.94,17.98,-0.95,0.02,-0.11,-0.06,269.4802201428421,21.60977985715789
