,Alpha,Delta_Pb,P_bar,T,rpm,rho,P001,P002,P003,P004,P005,P006,P007,P008,P009,P010,P011,P012,P013,P014,P015,P016,P017,P018,P019,P020,P021,P022,P023,P024,P025,P026,P027,P028,P029,P030,P031,P032,P033,P034,P035,P036,P037,P038,P039,P040,P041,P042,P043,P044,P045,P046,P047,P048,P049
1,-6.0,138.73,1025.42,20.06,889.72,1.218,-0.623043182374428,0.7821666496656553,0.9962352512160813,0.6975194508773391,0.3810413737358246,0.2036765640849035,0.0824729781838274,0.03191313633029246,-0.027933207088177467,-0.06065706974556743,-0.05737731324049118,-0.10753179193047736,-0.1294582539587961,-0.1507950968401348,-0.11869770452641111,-0.11084839963223986,-0.08449979400157115,-0.06109928410580242,-0.03703545266968121,-0.015514353804911231,0.0004053631635487495,0.01621452654194998,0.034013654541408714,0.0396150364377187,0.0714176191779524,-0.6087817692568492,-2.2948345712428435,-2.287353778315535,-1.777591174554639,-0.8669244020440302,-0.7111543936512515,-0.6059073759153217,-0.5249452967956306,-0.4668678108181007,-0.41656592734136955,-0.3724550449079283,-0.3357881042051096,-0.3035064559079546,-0.27011927171021216,-0.2387957545268997,-0.2101623747016835,-0.17964958384546853,-0.14781014990854857,-0.11405445374394362,-0.07867730492514366,-0.04311590012291244,-0.006043596256544993,0.028117463071608714,0.0714176191779524
2,-5.0,140.15,1025.4,20.19,889.68,1.218,-0.30965689545038866,0.8176911589048602,0.9498333181765632,0.6004571813662837,0.28007718494270134,0.11266550648365731,0.00021883879537129937,-0.04650324401640112,-0.09143814333264126,-0.12590525360362093,-0.11810000323537792,-0.16110182652583824,-0.1801043285905794,-0.19334407571054302,-0.15672505061841224,-0.14986810169677822,-0.12492047902445007,-0.09205818658619327,-0.06517748788808533,-0.04380423220682176,-0.03224224918470478,-0.017361211099456417,-0.001860129760656045,0.00036473132561883233,0.08341405416902696,-0.3017057525518981,-2.038155120690597,-1.9112650925078052,-1.0796776700968673,-0.7386903537758212,-0.623143469819775,-0.5296993041962301,-0.4584308031703103,-0.4078790414395402,-0.36487721814907986,-0.32661690209166433,-0.29492174989538783,-0.2671656960157947,-0.23725772731505043,-0.20917341524240035,-0.18371516871420585,-0.1553390715810607,-0.12532168348263079,-0.09326179996073543,-0.05846643149669883,-0.02301454664654832,0.013932736638639394,0.04942109462135178,0.08341405416902696
3,-4.0,140.2,1025.33,20.25,890.02,1.217,0.005250234231097163,0.8216981171266443,0.8684397857673842,0.4934126378433189,0.17307542982651553,0.022933314801111916,-0.04025179577174492,-0.11798443035993347,-0.1570695074136568,-0.18186228017161565,-0.17249207046750473,-0.20680089276932714,-0.2187232996691103,-0.2312655258878424,-0.1921439888741809,-0.17796106445823096,-0.15094423414404345,-0.11510409352481768,-0.08797788333081566,-0.0687270244834594,-0.05899221517996674,-0.04612184932179105,-0.033798382862687985,-0.028839828311096223,0.09895233127220626,0.012469306298855762,-1.9231899668188415,-1.3028966683906746,-0.9217442471969958,-0.6996666312135734,-0.5734057899476742,-0.45272332255231584,-0.38089720147411155,-0.3352128716715786,-0.30039360993062175,-0.27323093977668156,-0.24993302537618786,-0.2274372300943341,-0.20337365653513872,-0.17920070309612887,-0.15772578669254395,-0.13278717409483243,-0.10525990434151049,-0.07561795691177442,-0.04247585332797358,-0.008276410905965667,0.028475228711714474,0.06442474921075478,0.09895233127220626
4,-3.0,140.79,1025.33,20.34,889.46,1.217,0.3299419223894534,0.8324062936339557,0.7819783303638246,0.38683221644582155,0.08172307078550393,-0.03321928465958956,-0.11668500644362934,-0.17673385543484368,-0.21579828198535556,-0.22636310366397913,-0.2133658316332326,-0.24916278756148977,-0.24977997645680455,-0.25773082163762434,-0.2102798871566587,-0.1947049438572446,-0.1654066239443607,-0.12979119416178433,-0.10499472266178471,-0.08785865450951555,-0.08306636426354197,-0.07159391185651433,-0.06360676144655837,0.06182780521888636,0.09925849645827088,0.3555371089304487,-1.3232529915548856,-1.0002090627013032,-0.7277020128052603,-0.5526018926815439,-0.45940636948901237,-0.391588201462659,-0.3436289937737871,-0.3078320378455299,-0.2782069708704205,-0.2523939529546083,-0.2304655945563656,-0.2129664741127348,-0.19180052552635152,-0.17259505931332106,-0.15269979374670348,-0.12637850262298497,-0.09283247090116994,-0.058233587534406175,-0.022944904814055304,0.009766106637627968,0.04454651615007255,0.07863712630893004,0.09925849645827088
5,-2.0,138.13,1025.36,20.5,889.42,1.216,0.6595765917064819,0.7971919546674638,0.663944158363124,0.2513571624174365,-0.011363075962620085,-0.13106401297601863,-0.1946528224345897,-0.24277008221115684,-0.2700488671767952,-0.2819301290139322,-0.26168386663102283,-0.2877412134638715,-0.29233085978102097,-0.29221981995076735,-0.23718107742172478,-0.22067315599068713,-0.18773133968211425,-0.1522726205544594,-0.13557963273966572,-0.11692494125705814,-0.11847949888060877,-0.11570350312426837,-0.055779008064066674,0.12314317175126069,0.10134235174480064,0.6813033851594394,-0.7726521521814146,-0.71202440486294,-0.5519419829139763,-0.4400138340183309,-0.3712061525378399,-0.32216356084249265,-0.28566846996580403,-0.25801955223265344,-0.23473820115614524,-0.2136776466847093,-0.19594828712088186,-0.18084687020639004,-0.1624882849377921,-0.14531412452523276,-0.12888022964769752,-0.1111878833606213,-0.09249617860126252,-0.0748038323141863,-0.0572595391341149,-0.04067759114957484,-0.015101416914491841,0.049338697909356924,0.10134235174480064
6,-1.0,138.27,1025.34,20.55,890.11,1.216,0.8982047729874342,0.7128844073438882,0.5144008233904653,0.11055624367003244,-0.1264556365724117,-0.232759717024366,-0.27849820311795465,-0.31713742540396933,-0.3277123704506681,-0.33481163425824206,-0.30641457902794617,-0.3303745943785083,-0.3272316911303636,-0.3220921199363387,-0.26681399810132245,-0.2513583091869166,-0.2117207529279618,-0.1798480164585411,-0.16716547746896881,-0.15629472976362113,-0.1541871358207476,-0.15300392518615194,0.05483441784704285,0.1473466993394914,0.10016617528498926,0.9205378737154274,-0.26278368687723097,-0.4180431073355809,-0.37034492862844315,-0.3197626739994785,-0.2749855465464988,-0.2482893566034341,-0.22092761067840933,-0.201774388530892,-0.18587499562851276,-0.1697537507321468,-0.1567014584192634,-0.14546095739060458,-0.13037502179950983,-0.11595464219037517,-0.10197796656921387,-0.08556091901419903,-0.06674047485766173,-0.04877046334474006,-0.030356747843845035,-0.014975009594101385,-0.0012571612992578942,0.012275810333930024,0.10016617528498926
7,0.0,139.0,1025.31,20.58,890.3,1.216,1.030318974747942,0.5715412603549305,0.3327738303533726,-0.029496530939810434,-0.25991519220902787,-0.33163369013001337,-0.36186579540747493,-0.3960332233913701,-0.3909209817446947,-0.38967050537068776,-0.3570110047789774,-0.3758049291059639,-0.36436674815548875,-0.3524504438855404,-0.2955169901513427,-0.27433244922699007,-0.23821574924831942,-0.215854289383725,-0.20081179417875933,-0.1937135018204259,-0.19919353063592682,-0.05049717827975029,0.09757393588942281,0.1375524011407619,0.14538626783674646,1.0438903212776054,0.1769056282050975,-0.13494111224210037,-0.1938973954048387,-0.19636156943596997,-0.18168686139982987,-0.16885108920781758,-0.15303624094831825,-0.1422968556186117,-0.1326976105122644,-0.122693799520209,-0.11364623516710005,-0.10610659820617595,-0.09499942570764383,-0.08352446604028617,-0.07175527663786804,-0.05678633886666747,-0.03876476759421471,-0.02077997503864451,-0.0012872550908894827,0.01496893777120056,0.029496530939810434,0.03751429122020779,0.14538626783674646
8,0.0,138.26,1025.36,20.62,889.43,1.216,1.0216292918833243,0.5798156687682976,0.3308425247748698,-0.03132039996471608,-0.25618386181293146,-0.33217373421847046,-0.36149732001778556,-0.3930026101830017,-0.39333541254390186,-0.3878996406491991,-0.3560245700829827,-0.3737370512908918,-0.3637529804638867,-0.35155022723088036,-0.2924593191510501,-0.2722323312163397,-0.23673341272032147,-0.21428774237960999,-0.20008817498120268,-0.19298839128199904,-0.19868300945740194,-0.058942995919430245,0.09544032149814898,0.13548753892646953,0.1447690269915743,1.036531442043632,0.1794174505652921,-0.13411935144276885,-0.19121344535719814,-0.19550289800880033,-0.18052679176829264,-0.16743656557288594,-0.15231254717197815,-0.1416628716231727,-0.13223347139766786,-0.12228637861076276,-0.11318978074615808,-0.10649675548805465,-0.09462680461594856,-0.08342245846564281,-0.07147855151333668,-0.05676129155352913,-0.03886392014511995,-0.020818636576310685,-0.0014051655238007212,0.014569347799407476,0.029064739518614918,0.036978040100018976,0.1447690269915743
9,1.0,137.55,1025.37,20.65,890.47,1.216,1.0487509847967884,0.36688070532162415,0.08240876633212166,-0.2374502477806013,-0.4199241467090565,-0.463823448936497,-0.4788034817880284,-0.49668287583663034,-0.47772551416347653,-0.47991862070997865,-0.4278416330549031,-0.44074007325212733,-0.42234028103994864,-0.4057247111028903,-0.34770031586408023,-0.3199333567075196,-0.29473121707144456,-0.27198238306365996,-0.25826617432367216,-0.2578572900522904,-0.22782288175443102,-0.0027506760074772225,0.06620208066644503,0.09515852133975256,0.10972966991990217,1.067671175172544,0.5700961881983535,0.14786742105059988,-0.0018213935725187012,-0.056463200748079735,-0.06991921040627912,-0.07664721523537882,-0.07586661799001367,-0.07341331236172316,-0.07088566413863599,-0.06620208066644503,-0.06222475184482256,-0.05835893691539512,-0.050552964461743545,-0.04174336697833677,-0.032487713926149894,-0.019998158000307374,-0.002862189899672245,0.014348120795759565,0.03471799177005035,0.05278324230564399,0.06858104369993885,0.07724195599375228,0.10972966991990217
10,2.0,138.91,1025.33,20.68,890.29,1.216,0.9983139878420552,0.12752185976084646,-0.1332263008179695,-0.41925801627577575,-0.5562750101833173,-0.5805648882330023,-0.5685671605902791,-0.5705177114033599,-0.5415170691258571,-0.5313226809140954,-0.4729165650582618,-0.47906264026174267,-0.4573857642446753,-0.44133972359367124,-0.3812038739979358,-0.3476396788747347,-0.3272140996056814,-0.3126033699303405,-0.3040283069218911,-0.3040283069218911,-0.07566665040932188,0.008059823171031854,0.0493158130099666,0.0872227439056872,0.13252704675290278,1.0108637581677258,0.8130116605993821,0.3567299817206017,0.14573926829811026,0.04957343292867538,0.01707652032583918,-0.005778046748182654,-0.014279504065572417,-0.01979993089504629,-0.023001778456141136,-0.02370103252120783,-0.024069060976506088,-0.024694709350513124,-0.020499184960112982,-0.015346786585937367,-0.009973571138582797,-0.0009568739837754714,0.012439361789081126,0.027086894309951804,0.045856345530162976,0.06447858536825483,0.08350565650717479,0.09668107520685243,0.13252704675290278
11,3.0,139.0,1025.33,20.71,889.72,1.215,0.7793777894582581,-0.12361326744227291,-0.4011454650380454,-0.6196478220373145,-0.7076960702541552,-0.6966256764725056,-0.6677543837196986,-0.6503948293511319,-0.6184709030970726,-0.5930935884481086,-0.5380726279918039,-0.5299445315607588,-0.5005215580547135,-0.48283099523420375,-0.4236540397701701,-0.39364260679400387,-0.37514291220207785,-0.36477131404119695,-0.35980618726205177,-0.15487517679244606,-0.05689667501731515,-0.013792018830958746,0.03284339417612309,0.0795891433338526,0.1442461276133872,0.8025116023773862,0.9667285732580018,0.5376680621060957,0.2778999847645981,0.1484756800548812,0.09191001348950907,0.05902984059650343,0.040235916269516975,0.02828283328268607,0.018941039194516677,0.01331389551148551,0.008974006919343823,0.0036778716882556657,0.004744454477849809,0.006951177490803207,0.0085694410336357,0.014123027282901756,0.024347510576252507,0.036447708430613644,0.0525200077082909,0.06943821747426696,0.08837925666878364,0.1051135728503469,0.1442461276133872
12,4.0,137.65,1025.28,20.73,889.97,1.215,0.38113414803550627,-0.4485875748781609,-0.699903591407567,-0.8370390825436248,-0.8657885056582805,-0.8170184894444008,-0.7657226841196728,-0.7325902740185449,-0.6885003964512372,-0.6542908115822477,-0.5915918113011899,-0.5737998556527142,-0.5451618644105961,-0.5274813406346579,-0.4661938107390741,-0.44223595814352773,-0.42982987633436104,-0.4203581671686799,-0.22839819474420897,-0.11726347386688367,-0.0842053516807809,-0.03350384967625247,0.024032140510571343,0.0756993854104241,0.15006158835039912,0.40290050713781667,1.0386193399638268,0.7016865013681658,0.40899211616986253,0.24808449222582074,0.17635951026923144,0.12625231158490263,0.10184873149920654,0.08320246482794406,0.06775057850275445,0.05694168686662422,0.04810142497865516,0.04044976973108531,0.0371811014699875,0.0361410706596382,0.03446959257157683,0.03684680585237523,0.044127021524820335,0.05363587464801394,0.06693341143748001,0.08167956256993258,0.09913722260079585,0.11555485182130981,0.15006158835039912
13,5.0,137.62,1025.28,20.75,889.85,1.215,-0.1975751619329156,-0.831650996590507,-1.0286317240384797,-1.068941812548674,-1.0353934163047058,-0.9546246306630813,-0.8754162355444323,-0.8299791496016049,-0.7672291592848139,-0.7224236599822385,-0.6542123028350341,-0.6381625717415742,-0.6009361121220215,-0.5838089685246024,-0.5299011911713379,-0.5049349428037337,-0.4898140155929973,-0.29565685194850366,-0.1991355524558909,-0.15756229066519276,-0.1160261810298036,-0.05134427863694799,0.011777233232932352,0.06832281361313122,0.14790273028486972,-0.18720971060172278,1.0479508447991257,0.8338058215984252,0.5252200196024123,0.33492668011004784,0.2505912875587657,0.19281968605337196,0.15930844196471272,0.1341192806652549,0.11346268231348708,0.09849036372398634,0.08533850074462339,0.07348696320107317,0.06746831404102571,0.06315866402518927,0.05881186185404389,0.05836603599033668,0.0628614467827178,0.06969744335956181,0.08069448133100653,0.09317760551480864,0.10855859781270767,0.12397674226591564,0.14790273028486972
14,6.0,141.2,1025.29,20.81,889.78,1.215,-0.9450333360382163,-1.21883852827758,-1.3488996144378171,-1.2821858427168826,-1.1757985529242478,-1.0573571741554486,-0.9616846301194045,-0.8955862323101662,-0.8225377291453015,-0.7704843359088916,-0.6997887329946296,-0.6829202481210782,-0.649545263027914,-0.6318804119156971,-0.5725149286697219,-0.46218200614915333,-0.3431976503994457,-0.2820222438837761,-0.23141678926312165,-0.18139051008876936,-0.1301696815564188,-0.06189937582354732,0.004959189758962563,0.06327491750851504,0.1416083966208872,-0.9340652010238685,0.9818109768784059,0.9176310977350436,0.6225412078440741,0.41555838272182644,0.31394929036118474,0.25353405161878684,0.21451210592417624,0.184394982716462,0.15927324773310422,0.13979847335119283,0.12311098080461078,0.10888498390481305,0.09921999364464515,0.09234228521980656,0.08495779827945353,0.08180853179018535,0.08379944738684914,0.08778127858017676,0.0958897348284075,0.1058805112771204,0.11891195881891985,0.1319072078953254,0.1416083966208872
15,7.0,139.77,1025.29,20.83,889.93,1.215,-1.8674821544057036,-1.6719233702141032,-1.734793306631788,-1.537881301004787,-1.3579028500964523,-1.201185178456092,-1.0823942805592681,-1.0018227448244459,-0.9173012654403448,-0.8648182178781706,-0.7781023253555814,-0.752061956112189,-0.6877290776021787,-0.6069381005535075,-0.511481129029274,-0.44619733815925233,-0.38778937512316003,-0.32488286515316706,-0.2583555735046687,-0.20097166993320423,-0.14238083913557126,-0.07062352950700952,0.0004023090753894898,0.058554257245324835,0.1381017335155194,-1.853840219394769,0.8893956450292375,0.9989700077444112,0.7272650876472732,0.5035812417307168,0.38793566933239254,0.3225055842531383,0.2737164654740856,0.23754522224133967,0.20682343830250588,0.18327007061606668,0.16300832263735965,0.14453867872175125,0.13235968580314214,0.12219223826148048,0.11242709979520832,0.10668505208283108,0.10591700748436023,0.10719708181514497,0.11286598242290595,0.12043670775068999,0.1315916412046713,0.14274657465865262,0.1381017335155194
16,8.0,138.89,1025.29,20.87,889.86,1.215,-2.8906592890781706,-2.125674225411793,-2.1254533761416208,-1.7849038015353882,-1.5296020452158003,-1.3405182617363132,-1.1965981540071338,-1.105902720389564,-0.9995269885897358,-0.8874827921888094,-0.7704326789973028,-0.7346919054410284,-0.6853689017691357,-0.6401316095954371,-0.5494361759778673,-0.4754148622583328,-0.4063258489059876,-0.338451506539592,-0.26708038406212936,-0.20527939662548172,-0.14509797050343357,-0.07192324565289426,-0.0020612598549447692,0.055101892908077134,0.1293072476860888,-2.8816780854244826,0.7224347709464461,1.0467151159832928,0.8130933963523205,0.5815697447879884,0.4561641675416165,0.38265816878581815,0.32921264540403594,0.2880610647285315,0.2529460307710795,0.22559752948136588,0.20222431505476002,0.1806915112129263,0.16508482945405872,0.1522755717840448,0.13935588947894456,0.13081638436560195,0.12761406994809849,0.12592089221010813,0.1293808641094797,0.13438678090005984,0.14311032707187968,0.15098728437470435,0.1293072476860888
17,9.0,138.65,1025.29,20.91,889.85,1.215,-3.9918044831992225,-2.5498227733693515,-2.543812518972383,-2.052077840211773,-1.7261229391736965,-1.5130354535290083,-1.2496166964004993,-1.1052968454205183,-1.0100914659544196,-0.9352398314400195,-0.8285301613490474,-0.7893344532264824,-0.7320711091866483,-0.6744390378831966,-0.5738871130946406,-0.496233151376746,-0.422856425916817,-0.34973780954142036,-0.27680355679783264,-0.2110963584211525,-0.15066195991420597,-0.07894450714055677,-0.011467417898511516,0.040818108082483116,0.10859017913542256,-3.986605428782213,0.4890060970098384,1.0574729193292984,0.8749160511121584,0.6473007112809315,0.515406969084868,0.4307471893582364,0.37396319076110546,0.3283885009779536,0.2893402837608356,0.25821970271149886,0.2306757761192542,0.20689286761591036,0.1880140317186824,0.17278559573126998,0.15715155975387807,0.1463109782035167,0.14011636017473877,0.13583912391677308,0.13668719662309387,0.1389733056575238,0.14490981460176933,0.15055134173512064,0.10859017913542256
18,10.0,135.65,1025.28,20.92,890.04,1.215,-4.719463842035263,-2.682015620878319,-3.0193409859915987,-2.604093009156241,-1.733712138600205,-1.5101982707239605,-1.3263431292781103,-1.1896863960935282,-1.0659225188397399,-0.9723173689094456,-0.8509661898415366,-0.8035415911253424,-0.7359106451024072,-0.6717856511308281,-0.5632896295845585,-0.4803531294449502,-0.4064642475023899,-0.33114282601196376,-0.2576686265701016,-0.19497617214638852,-0.1397103043260858,-0.07973213536148717,-0.02631348958974849,0.009462300697746232,0.06009126419206173,-4.711396382476228,0.29027775048862947,1.0587975195095645,0.9221784847341369,0.7038669973211948,0.5600852648064374,0.4736051142063184,0.41230750092131696,0.3628094897016324,0.3202102873571972,0.28575394139010535,0.25551981724830264,0.22769839129237945,0.20628569489269874,0.18841664895352855,0.16986903164957978,0.15599601708077257,0.1471368909294962,0.13944641546200526,0.13692062204866262,0.13560117772825975,0.13752379659513247,0.13884324091553535,0.06009126419206173
19,10.25,137.93,1025.33,20.97,889.89,1.214,-4.851224322810377,-2.7479336215694494,-3.1384038948568187,-2.2737276023777535,-1.75552232227927,-1.516139654262388,-1.3228691012986187,-1.1890179377481447,-1.0601338348223632,-0.9662415619690399,-0.8451416585297161,-0.7940995504685134,-0.7265994206359427,-0.6579501946887044,-0.5508989179416071,-0.4678674567527226,-0.3937692911649638,-0.3198193960436136,-0.24779701698557682,-0.18726559907421605,-0.13359169023425863,-0.07632222258388971,-0.02639214302075254,0.005708412956735802,0.051338648994020034,-4.8448116251382,0.24123604884699087,1.0523867029525076,0.9300265005487095,0.7138481605247927,0.5697292671755146,0.4832875852592297,0.4210881246007708,0.37145458597045106,0.32830788024551294,0.2932419149398502,0.2625128607766425,0.2339337283763613,0.21236037551389225,0.19378949959619982,0.17495915036229212,0.16053984750404388,0.15090226718747693,0.14248791821878196,0.1391518327245857,0.13703897857826142,0.1382251423095312,0.1380398042265203,0.051338648994020034
20,10.5,138.36,1025.31,20.99,890.44,1.214,-5.003384399707076,-2.811230559426572,-3.2830206722388544,-2.072765223856908,-1.7888708444132386,-1.5347220038804315,-1.337921084328566,-1.197470409297278,-1.0703959890308745,-0.9711826076946449,-0.8482466971897527,-0.7955545996905112,-0.7225394631838483,-0.6577274442401811,-0.5486481512403488,-0.4653975932699484,-0.3905718587426244,-0.31574612421530046,-0.24528060532956864,-0.1848657530075071,-0.13413205744898074,-0.08107045014960435,-0.034733921212683726,-0.003473392121268372,0.036322813353263934,-4.993444586083447,0.18848694904882943,1.0458235873219013,0.935229304141516,0.7195464338027554,0.5764352882104958,0.4898960930188945,0.42582309367549703,0.3757175647772001,0.33174589856114306,0.2961251538281355,0.2649754776767606,0.23641237012633026,0.21342886055793742,0.19439910585098835,0.17470423350379644,0.15962823365829115,0.1494667141545805,0.14030287111123413,0.1361643613497229,0.13346693980873786,0.13365169470880534,0.1333930378487109,0.036322813353263934
21,10.75,138.52,1025.3,21.02,890.04,1.214,-5.196022800582414,-2.942656110711699,-3.5024361838480886,-2.028672215996228,-1.8402580752062716,-1.57193862299413,-1.3669898034433703,-1.221831563340158,-1.088004007119907,-0.9853266046365263,-0.8618332226417771,-0.8032236916771442,-0.7299248702062621,-0.6614978737274022,-0.5514020104607148,-0.46817500018033237,-0.39041033913342976,-0.31596737694472415,-0.24503065243967104,-0.18586750499867197,-0.13737070166899465,-0.08924297599022812,-0.04451076469984083,-0.01742046512298911,0.021664858108463157,-5.19008065040275,0.13021059524132542,1.0458922471509862,0.9483819317803563,0.732692952588093,0.5860584018812375,0.4993620616822939,0.43374005535035604,0.3823644463435746,0.33722624963718545,0.30061374666683544,0.26846708327250596,0.23823962366291254,0.2152091782460795,0.19520516956671488,0.17486899100153055,0.15892483648218458,0.14788941471995207,0.137998133675543,0.13316321644861168,0.12950934770459493,0.1284759302820447,0.12770086721513207,0.021664858108463157
22,11.0,138.25,1025.29,21.04,890.24,1.214,-4.693929395944501,-3.3489026009654386,-3.7454101838134632,-2.0672977892529643,-1.8677866523880982,-1.585253735678631,-1.3751291240630297,-1.2240627674192894,-1.090747169940542,-0.9869791903218554,-0.8591367435856475,-0.8012248918098588,-0.7239351279456196,-0.6566301661116889,-0.5414351352805382,-0.45634243353335446,-0.37990322687910455,-0.3043515581831043,-0.23601113539788235,-0.18142755096552973,-0.13605217285001708,-0.09197112092361852,-0.04940627967589639,-0.02647821575444747,0.00813576461728833,-4.686681169285462,0.04374822519205497,1.0389371416277196,0.9568028997413679,0.7433500207823304,0.5959077774681096,0.5085222693287809,0.44280747967004747,0.390442740133319,0.34503038126954594,0.30756888328175924,0.2747669595747831,0.24407293851864986,0.2203312981354721,0.1996590598579077,0.17865399484599961,0.16212360037360016,0.15047466467157367,0.13978722842431765,0.13420313543699702,0.12954356115618643,0.12758358149838517,0.12521681360971945,0.00813576461728833
23,11.25,137.98,1025.27,21.11,889.98,1.214,-4.8947615218418585,-3.5333228336292164,-4.0172112400678675,-2.191226342228044,-1.9078001671113247,-1.5987326123135006,-1.3823000997161996,-1.2301192523891809,-1.0930564439492876,-0.9846363905577958,-0.8540950890888191,-0.7958091205362503,-0.7171434426995664,-0.646518486525888,-0.5333925729906096,-0.4499098729594986,-0.3690209541100022,-0.29298611147181314,-0.22828979799896812,-0.17571014804595145,-0.1335056228193933,-0.09604401175350193,-0.0567667538604803,-0.03987012216310496,-0.00600275073459387,-4.88805474478654,-0.028123998812078686,1.0332883147215104,0.9653312477632068,0.754642107782338,0.6062778241939809,0.5177928318840417,0.4513920336347069,0.3985530055635288,0.3520502143788664,0.3139216310091313,0.28061006983382336,0.24981818180636958,0.22480672041222846,0.20357476873986866,0.18193522288182656,0.16470510503252936,0.1523290633945395,0.1407682101279143,0.1343578652076381,0.12887387070936718,0.12583544132519003,0.12238941775533058,-0.00600275073459387
24,11.5,137.33,1025.16,21.14,890.18,1.214,-5.129991200155766,-3.6858152413294563,-4.073880054004355,-2.3459621842699176,-1.9584186137880006,-1.6294403268461026,-1.4005033093714843,-1.2448752831812246,-1.1051823754621206,-0.9900995455687973,-0.8580391128183545,-0.7929583018660641,-0.7103786458636728,-0.6361016333637762,-0.52623122540027,-0.4473374963339638,-0.35779553389674507,-0.28292281603344077,-0.22149070043202254,-0.17335026075163842,-0.1348528016414163,-0.10368996481815142,-0.06683069545730046,-0.0549538197743596,-0.02021675077064855,-5.125113862492866,-0.07345791762521103,1.0386495326865242,0.9819830599923675,0.7711405929312575,0.6220280941532694,0.5302522366032719,0.4637938569981013,0.40965913209842725,0.36196547144059893,0.3227606122113302,0.28835862747453594,0.25652562211743746,0.23094752307611963,0.20879472987439607,0.18626962082054274,0.168323996747886,0.15492062607121293,0.14244804502486436,0.13511342273790716,0.1286723584960615,0.12435349461135572,0.12014632548228892,-0.02021675077064855
25,11.75,136.98,1025.24,21.15,890.02,1.214,-5.277306024112155,-3.7867657887922483,-3.7363731285112167,-2.387828211494306,-1.9668068668204124,-1.6302212240396257,-1.402894334327416,-1.243093609391789,-1.099082584677552,-0.9795213321737416,-0.842415968312831,-0.7784732816006776,-0.6920592011928345,-0.6158729644272155,-0.4999325178843383,-0.4207973772948664,-0.3352045106101215,-0.2639082282865879,-0.20877492514948884,-0.167938206373601,-0.13882244710011601,-0.11612708602539956,-0.08413707872107058,-0.07480510459495363,-0.04512942687390166,-5.268198017365065,-0.1267655365291729,1.0306605503848625,0.9872855346466709,0.7777640515670927,0.6291990234793106,0.5369991191132749,0.4690996753716478,0.4144516348891068,0.3661493368123254,0.3262084875525448,0.29123224852785834,0.2587943064654758,0.23244081153332147,0.20970812256210053,0.18622887566079024,0.16752759951205184,0.1530443756683183,0.1396809887197188,0.13120755621320457,0.12355533742978868,0.11754554609256934,0.11127445947981873,-0.04512942687390166
26,12.0,138.99,1025.26,21.17,889.91,1.214,-5.4406673594773025,-3.8409708715454824,-3.8895223146630675,-2.389981568859417,-1.970195492873814,-1.6255905909278647,-1.39261722675606,-1.2315147109568008,-1.0896120840267687,-0.9621645458431083,-0.818753881664727,-0.7486117589183373,-0.6550766681243839,-0.5792702103476094,-0.46020883052062284,-0.38311502387330615,-0.3010557287253275,-0.2360997828574071,-0.19347014454431555,-0.16764960434087264,-0.1522014178943684,-0.14043137107798417,-0.12045907288643219,-0.11306601222989085,-0.07797656015854541,-5.433311080217062,-0.15573243193928366,1.0238469474402219,0.9878011790650453,0.7812736388338034,0.6313526675101095,0.5391049255866982,0.47058118427756135,0.41529874563685676,0.3664162699525611,0.3258831712286379,0.2904626865905817,0.25643989501197106,0.23010441526031142,0.20649075883494056,0.1822518186724493,0.16250020885870456,0.14738305497891108,0.13281762204363562,0.12303377062751625,0.11394876574111969,0.10604076553636153,0.09713966763147097,-0.07797656015854541
27,12.25,138.61,1025.24,21.18,889.79,1.213,-5.579219588648868,-3.8938280326924066,-3.9216013085789414,-2.3845183081865673,-1.9616858583017907,-1.6167882450016733,-1.3799224047050895,-1.2094837488330072,-1.0664495338423263,-0.932378009476384,-0.7834793179040844,-0.7061346173276385,-0.602528864385704,-0.5208687942491987,-0.39911635905470755,-0.32527559102702763,-0.25552889155632696,-0.212965331963948,-0.1896918431400389,-0.18047096801170723,-0.1776309384721811,-0.16940591785770925,-0.15347224563595213,-0.14878804107075966,-0.10511797646298092,-5.570662616529775,-0.1777784724742344,1.0222999837278746,0.9949693098474993,0.7895282119882701,0.6413303069257236,0.545949574598261,0.4770143121388535,0.4213202263637302,0.3716012676717659,0.33029174709684006,0.2939983825917266,0.2599180281174128,0.2320709852298512,0.20758034088900232,0.18238891003840024,0.16154973224837066,0.14517345802045364,0.1294610868017765,0.11828538614623853,0.10762605449788713,0.09781504336134224,0.08674999320734425,-0.10511797646298092
28,12.5,137.44,1025.23,21.22,890.13,1.213,-5.413773438735369,-3.9394068724588265,-4.057446969218906,-2.3526176234186655,-1.936519772091376,-1.5901745780049155,-1.3472493237208565,-1.169575355197018,-1.0241178139641438,-0.8824548172851703,-0.7387085412432707,-0.6414268352780618,-0.5338031353326128,-0.44905830696215543,-0.3314274257912222,-0.2829167777688006,-0.2358197835997932,-0.21256889785285032,-0.2015572783630982,-0.1993623947485868,-0.2020036953694395,-0.19560505161188083,-0.18262175701078795,-0.17800878127859449,-0.13388790048519572,-5.401868985232934,-0.19355897366614985,1.016714731942317,0.9944682844596421,0.7919437692494711,0.6435101146409878,0.548646500793461,0.47915425347299834,0.4230545163427746,0.37286980454657315,0.3309066059504907,0.2940772029273332,0.25933107926710175,0.23083479369564863,0.20553783000297482,0.17945963654920372,0.15762240465567498,0.14006333573958374,0.12354590650495555,0.11089742465861863,0.09869535981862303,0.08708851765374914,0.07373320888070517,-0.13388790048519572
29,12.75,139.17,1025.25,21.23,890.09,1.213,-5.216522106823985,-3.939234384756796,-4.074633054477826,-2.3428818647523117,-1.9179519105111626,-1.5653864107872215,-1.3188330002697082,-1.1375545317202553,-0.9752671408283641,-0.8295831679272231,-0.6801524060104703,-0.5723771219731664,-0.46695276437703065,-0.3866906663465231,-0.2918087445100009,-0.26745461590852426,-0.24016182925558732,-0.23119892219863364,-0.22855412995231944,-0.22910512833696822,-0.23329271606029905,-0.22800313156767063,-0.2161750329105432,-0.213383307761656,-0.16313225508168605,-5.202967546561625,-0.2058162632791459,1.0151594238769368,0.9982988733066835,0.7946131371148463,0.6483046993777701,0.5514024501308691,0.4813154556035425,0.42445242230778707,0.3735769047918818,0.3309663630457084,0.29327807353573104,0.2580141769182082,0.22848066350103294,0.20228987361739362,0.17536441922088927,0.15258981932207247,0.13378240779272701,0.11615045948396562,0.10204490083695651,0.08830667444637992,0.07526637934302514,0.059911891024145444,-0.16313225508168605
30,13.0,134.61,1025.22,21.28,889.79,1.213,-5.029695898585873,-3.9644416865621337,-4.352504548449946,-2.3326324132038487,-1.9118953726178263,-1.5506937250784263,-1.2885024376408123,-1.1102761908113894,-0.9347474633861209,-0.7780253853278456,-0.6282940617817454,-0.5239266561026952,-0.4200911556582668,-0.3534890216373804,-0.2795541940249188,-0.2719935410470772,-0.25436468184246147,-0.24934957534459665,-0.24604416424373124,-0.2498814805792187,-0.25470662092186136,-0.2501474331965297,-0.23859749095902286,-0.2380275924933564,-0.184495129951754,-5.008951594435614,-0.1998823885247483,1.0296165613040635,1.0169648153662685,0.8140429683579655,0.6626779358769549,0.5643134607029247,0.49338009834297314,0.43509848192081685,0.38281979600368066,0.3390515938404968,0.30007053878891127,0.2632550979068582,0.23293649953340276,0.2056193664124573,0.1773903957464455,0.1533786737263655,0.13282433573132865,0.11454959159895763,0.09923831948805219,0.08373708122192458,0.06941363311817432,0.05296256407593596,-0.184495129951754
31,14.0,137.6,1025.28,21.38,889.93,1.213,-4.453229582707019,-3.4915903126338614,-4.355244932197632,-2.1371578152058612,-1.6660734772619865,-1.3028948750326574,-1.0252159621556598,-0.8275374105022906,-0.6408203574838356,-0.5094681619773206,-0.39320196120224676,-0.37395431275178714,-0.3501734343573969,-0.3516597392570463,-0.3173632536976365,-0.33348966185883244,-0.3348273362685169,-0.3367595326380611,-0.33880320187507906,-0.34370800804392204,-0.34969038526501084,-0.349244493795116,-0.34203591503181646,-0.3404752948871846,-0.27990837022647186,-4.4368802288108755,-0.12187700177125017,1.0205712593442555,1.0086808201470603,0.8093673331040767,0.6634865072034889,0.5636811331920321,0.4914838726915629,0.43251472579797323,0.3789705917881038,0.33371260759377985,0.29280206523093033,0.2534521430127126,0.2209392233328822,0.191473228697333,0.16081819014206428,0.13347017998851546,0.11017235068651123,0.08876956013155997,0.0694847540586091,0.05034857847562318,0.03173260960751453,0.011147286747370444,-0.27990837022647186
32,13.75,137.35,1025.28,21.48,889.76,1.212,-4.637776009708544,-3.6897762355542567,-4.442152872459633,-2.1773543858589606,-1.7358156549532824,-1.3739779967117178,-1.0964574471036046,-0.9027700668740922,-0.7114651568223023,-0.5641987189618466,-0.4230373609318042,-0.3847689337021408,-0.34664941085858514,-0.34162388782745223,-0.31370431543226984,-0.31899042113909104,-0.3180597687259183,-0.3233458744327395,-0.3184320296911874,-0.32468601390770824,-0.32840862356039924,-0.32907869329788364,-0.32133566522028634,-0.3210006303515442,-0.2635235373139953,-4.624188484476223,-0.15232918698811537,1.0254300549302604,1.0169052788255981,0.8126456871824435,0.6638529793643845,0.5685541722554951,0.49588883183496696,0.43636430348843797,0.3825353679105263,0.338012956464342,0.29736205905695634,0.2587585969585508,0.22626021469055846,0.1971494072065149,0.16699626901971787,0.13993289684465438,0.11752278673545459,0.09626668561858903,0.07821202880303774,0.059747884925690414,0.04187935859277365,0.02092106624812337,-0.2635235373139953
33,13.5,139.11,1025.24,21.5,889.88,1.212,-4.697034278642707,-3.7614713964187847,-4.365996866313651,-2.192939110336556,-1.7698447799475228,-1.4130461302691486,-1.1442987283639112,-0.9580534346601312,-0.7695296862977808,-0.6228633549694884,-0.4635552752129994,-0.40152250966998826,-0.3428339275774593,-0.32420204835334393,-0.29664009683838044,-0.2928181728949722,-0.29311216704446513,-0.29656659830100723,-0.29241393093941936,-0.2983673124666515,-0.3014910003050141,-0.30145425103632745,-0.29410439729900384,-0.29292842070103203,-0.2391642406125099,-4.689316932218516,-0.17426503211194255,1.0113398742557271,1.0012705746355939,0.7962831539016387,0.6529977552925151,0.5581846420810407,0.48674406375425533,0.4284229743485926,0.37568777378329576,0.33236038600177314,0.29292842070103203,0.25540741737199507,0.22380304630150358,0.19572660502492745,0.1666579334938126,0.1406762005323737,0.11932487542544863,0.09914952691649535,0.08217136478327784,0.06478896069450753,0.04825178978552943,0.028701178844248654,-0.2391642406125099
34,13.25,138.28,1025.28,21.52,889.97,1.212,-4.838237701428529,-3.8496266827941303,-4.3402903885534,-2.264092634283806,-1.8412367226894448,-1.4847097002618481,-1.2218343368417286,-1.038745898071485,-0.8577279262986433,-0.707323287987385,-0.5485628364366123,-0.4594218376734748,-0.3693565232864971,-0.32905636208706945,-0.28690756963996167,-0.2792542362745658,-0.2718597112838451,-0.2736713699065717,-0.2680885035385776,-0.2720445744086131,-0.2748914665300406,-0.27393017828124694,-0.2633560075445164,-0.263762706419006,-0.21758389785195548,-4.828661791565546,-0.19244251288350522,1.0142330477272459,1.0045831926143554,0.7990893431222283,0.6524559125562376,0.5585084725491316,0.487262224263538,0.4287715315869376,0.3763813220276817,0.3334930770815019,0.29422814938077513,0.2572924970521254,0.22616154684119147,0.1986908865006642,0.17033288316125045,0.1452284708177538,0.12452380084373595,0.10518711799300141,0.08925191663799839,0.07283607115859853,0.05749243180285315,0.039449790825494734,-0.21758389785195548
35,13.0,138.81,1025.29,21.55,889.79,1.212,-4.947848116757332,-3.8873739707298904,-4.217110201520461,-2.292390507438565,-1.8708746846531217,-1.5141054600727288,-1.2609381585587802,-1.0872861616663936,-0.9122346364851601,-0.7673097992059359,-0.6104889714715174,-0.5142529867674226,-0.4082203040414032,-0.34505738258425717,-0.2849144958556744,-0.2662418421071187,-0.2511784981561142,-0.2504419043198792,-0.24447549424637624,-0.2468694242141398,-0.250184096477197,-0.24535940684985819,-0.23438415868995757,-0.2345683071490163,-0.1906304848176022,-4.937093846748302,-0.1984015497898808,1.0086915993401255,0.9969429276521782,0.7905493347391482,0.6452562005418065,0.5535870976223684,0.482174325199391,0.4245358575140071,0.3730111186693731,0.3309516106203581,0.2924277529852708,0.2561873362425118,0.22631845618318502,0.19954327023604496,0.172178809219917,0.1479448720077875,0.12827781658031462,0.11015760820893512,0.09524158302517761,0.08017823907417311,0.06603563741846227,0.049462276103176155,-0.1906304848176022
36,12.75,137.79,1025.22,21.56,890.21,1.212,-5.161409588366426,-3.9564004123621146,-4.136289080114813,-2.3422261498666708,-1.9133208052805633,-1.5623375321219868,-1.3135434897783713,-1.137736454338543,-0.9729127203951666,-0.8326529918256117,-0.6784043961474002,-0.5802225861487117,-0.46838586077605604,-0.3836363316615419,-0.3024489543837149,-0.267198493499832,-0.24285712261580342,-0.23792205809205982,-0.2301669566976056,-0.22842298652756088,-0.23246751309213268,-0.226493487616022,-0.21421148492911124,-0.21417437918081242,-0.1709832881609812,-5.155398457142017,-0.20730981574552998,1.014359841244953,0.9999257051567106,0.7910574479826299,0.6435992042431031,0.5529869668973748,0.481669718667035,0.42400738581066244,0.3726901359133888,0.33087195758061405,0.29287567132261827,0.2564007207448742,0.22753244856838908,0.2013357902694193,0.17443412275277187,0.15098328982791506,0.13209646394381364,0.11469386799166514,0.10081631812790495,0.08697587401244358,0.07384043911465986,0.058404447822349055,-0.1709832881609812
37,12.5,136.87,1025.27,21.57,890.22,1.212,-5.368943404273757,-3.9085340137447955,-4.098463445379125,-2.35129199402697,-1.9252956704773498,-1.5817116848870791,-1.337351257601447,-1.1668107667653498,-1.010877358495937,-0.8843449066970628,-0.7335295810661046,-0.6412920187716196,-0.5240617755638052,-0.44011774863966274,-0.3326006549646819,-0.27514363965122796,-0.23431105334589292,-0.21989076211637848,-0.20812290787467627,-0.20225765988754216,-0.20502217167765632,-0.1973263685862574,-0.18413890018206414,-0.17928232541564737,-0.14065387688891692,-5.357026116962319,-0.18959320722742454,1.0163690238087313,0.9950748113713656,0.7868024704269534,0.637668266830524,0.5489797399422667,0.47870883889895915,0.42192427239931674,0.3713785365611482,0.33035915891864337,0.293187682821838,0.25788412009673134,0.22964126991664602,0.20438708113127874,0.17846044353209992,0.15615755787401664,0.13848709737774634,0.12212417624166517,0.10968387318615141,0.09735564493293956,0.08569986549353929,0.07236296401961012,-0.14065387688891692
38,12.25,136.63,1025.3,21.59,890.13,1.212,-5.554274712722586,-3.9271235661862374,-4.04433772946311,-2.376281384822795,-1.9540559090598093,-1.6071663562458478,-1.3701557253287242,-1.2107639241166557,-1.0529065356422476,-0.9330726433010775,-0.7821762491975182,-0.702761033848373,-0.5880917502339617,-0.5020897875231533,-0.3904893293840624,-0.3101010718110352,-0.248238041192686,-0.21403186455313902,-0.1923629627213035,-0.17941401620348812,-0.1772433835502127,-0.17237817243080233,-0.15748314146522277,-0.15213140923387133,-0.11354654258685502,-5.544881112792032,-0.17346348875744003,1.024463762944156,0.993027014172581,0.7864052404013133,0.6366315873253101,0.5485338413630633,0.47806312953344954,0.4214769817446148,0.37125303311193203,0.3307220820171516,0.29415814921973643,0.2592034785618187,0.23177117278852774,0.20710829488320887,0.18207116996870457,0.16040226813686903,0.14404767383546638,0.1284789982533531,0.11721416327687209,0.10647327411325067,0.09640602956616301,0.08484179698233367,-0.11354654258685502
39,12.0,138.71,1025.28,21.6,889.87,1.212,-5.397350816576629,-3.827223789241705,-3.936171830198538,-2.367039930436629,-1.9420836001821355,-1.6109641144053473,-1.3721703534583514,-1.220800392629626,-1.073374085516185,-0.9530742189116171,-0.816152036180009,-0.7430285878517422,-0.6377662045727455,-0.5609939551434211,-0.45234076680081514,-0.36270557207584303,-0.2915355223168294,-0.23543981246016515,-0.1930547491650509,-0.1635694877423627,-0.151627956866174,-0.14237695609480558,-0.11900988641732518,-0.11447652747358687,-0.08274301486741871,-5.388652664456936,-0.1540236343567674,1.0168729533149587,0.9754830175928603,0.7716661480085282,0.6244609803557575,0.5374057460052706,0.4676362461638346,0.41220395468918086,0.3632215641507401,0.32396930988178646,0.28825528698355535,0.25526865076692296,0.22821592341160657,0.20470142742701272,0.18070779594430023,0.16047353529298045,0.1453254822370744,0.131061987023849,0.12147927706147532,0.1122282762901069,0.10419354255242437,0.09512682466494775,-0.08274301486741871
40,11.75,137.04,1025.33,21.63,889.76,1.212,-5.299107325826231,-3.799899928069346,-3.761096122945851,-2.3906501977670263,-1.9590324884703025,-1.6355430746042419,-1.392384999614032,-1.245639455815276,-1.095162776908491,-0.9827436761035958,-0.8449901679151879,-0.7761880365231446,-0.6903719290384918,-0.6063094550546123,-0.499673613667161,-0.4116188251176912,-0.3303920138159133,-0.2656941310427011,-0.2088316319963486,-0.16428187880648973,-0.1354402044214303,-0.11450853646539108,-0.08421171938820061,-0.07395109784112255,-0.04768390668060273,-5.290003356162641,-0.1218215612771267,1.034046783838986,0.9843480642000481,0.7764119046296263,0.6270545662552501,0.5416115722814001,0.47083193928210165,0.41546189427896046,0.3666959584170295,0.3274817284316512,0.2925583038205055,0.2594258240612135,0.23327056695393453,0.21021215198631912,0.18696718026330228,0.1675652777015547,0.1534242756421271,0.13999218925322496,0.13163444661124135,0.12394830828870289,0.11782924671153633,0.11152362837896837,-0.04768390668060273
41,11.5,136.76,1025.2,21.65,890.24,1.211,-5.080113094440466,-3.6812153632614235,-4.047736663775873,-2.317388220665728,-1.9297049232022647,-1.6170233322400749,-1.3793434477791588,-1.2349109491677828,-1.0946285948343932,-0.981864314272159,-0.8512282412335495,-0.7861345368373792,-0.707169629494064,-0.6213252037079601,-0.5211235220412532,-0.43112895197716256,-0.3511171613925534,-0.2835558036419045,-0.22107930734896905,-0.1688473113458387,-0.13134645809520182,-0.09934174186135816,-0.06397204378049823,-0.0511851127618364,-0.022657544436576228,-5.072822300438597,-0.07182366809020287,1.0324512080389703,0.9721432556030009,0.7622057770363747,0.6147821834498729,0.530620248587277,0.4615259546618762,0.40723758086334705,0.35960439338447225,0.3214305437644321,0.2874068384223787,0.2555516769372913,0.2303890904590474,0.2079184894584165,0.18578438664248725,0.1673517638582759,0.1541909459677234,0.1419648452568976,0.1347114399422181,0.1283927518072653,0.12398088671895506,0.11930730082032137,-0.022657544436576228
42,11.25,138.54,1025.25,21.66,889.73,1.212,-4.883143044364112,-3.509489214554326,-3.991766291219491,-2.1821847617658463,-1.8923535459017247,-1.5934812493288297,-1.3644282372498124,-1.2261919583311722,-1.087328339118454,-0.9775806900250117,-0.8520388264688947,-0.7885298472860386,-0.7125478669620984,-0.6273771964484248,-0.529475208201988,-0.44186898125248153,-0.36175393546167334,-0.2915656272653964,-0.2262115295705455,-0.17034134102734713,-0.1286047602860279,-0.08989417390437991,-0.053250120256165934,-0.03819395319828949,-0.006900743234860035,-4.873031794918381,-0.026458999462003446,1.0331187572360507,0.9603841854932214,0.7498561632746304,0.6035013629032139,0.5202865180122547,0.4519064259577325,0.3985825009610868,0.3519748073481016,0.3144450968141302,0.2813805730791859,0.25038258207767555,0.22584250586814658,0.20414391216708935,0.18288814690891086,0.16539642341520147,0.15281271516339787,0.14144678512951075,0.13532099166968847,0.1297856361337045,0.1265382275525939,0.12314320949052371,-0.006900743234860035
43,11.0,136.71,1025.27,21.66,890.14,1.212,-4.688519408651903,-3.3563534790135634,-3.749491477341008,-2.060318393860459,-1.8645161465724585,-1.5852314511570813,-1.3611154882631562,-1.223474175938449,-1.0873289648346627,-0.981068375618768,-0.8551340553477657,-0.7975341583423176,-0.7216818264416366,-0.6389100263941973,-0.537923193982048,-0.45387970789682613,-0.37230478882612345,-0.3023246542175563,-0.2342146461351401,-0.1736599492183736,-0.12821587463290648,-0.08179933425384085,-0.042900702509901904,-0.023638399290547518,0.008677387081340228,-4.684891363191171,0.05086744151130478,1.0476074774192172,0.9621052926435978,0.747078144666766,0.6000861997113044,0.517089984480727,0.44916698905092584,0.39631721342190107,0.35023729581754265,0.31309658300818555,0.28044417386159065,0.25011072160742287,0.22598608942007611,0.20466664702195572,0.18398304764272663,0.16700229878527637,0.1553327092620947,0.1444859754104194,0.13902520595405873,0.13446209723025052,0.1323301529904385,0.12959976826225814,0.008677387081340228
44,10.75,138.55,1025.31,21.67,890.26,1.212,-4.555117082290656,-2.933634734161933,-3.4916315952866297,-2.0094455142353924,-1.8315521887835897,-1.5580149098841467,-1.3427053156067623,-1.2084643037848046,-1.0774335635484735,-0.9757011639901619,-0.8518658600664427,-0.7959997545418566,-0.7202078253823455,-0.6435303040612822,-0.5447129787014133,-0.4594378334786138,-0.37980833828570976,-0.31047385197085026,-0.23984787708706043,-0.1781147234921909,-0.12940715460681862,-0.07944499682591402,-0.03749006817237745,-0.01535026413357187,0.020036522655119047,-4.550283225075517,0.10796844436257522,1.0392793012549317,0.9450006357230182,0.7312408277283502,0.5849336227052434,0.5032008461286528,0.43670763466544005,0.38501119223482905,0.33999359068925766,0.30379501108581053,0.27169229522954247,0.24213565683773702,0.21903646129058318,0.19859404222808605,0.178594419246365,0.16243236229803695,0.15143625962543017,0.14151024748136568,0.13678708928642047,0.13309712194661955,0.13199013174467927,0.13010824840138077,0.020036522655119047
45,10.5,136.58,1025.26,21.68,889.64,1.211,-5.061395236059209,-2.8541294294113095,-3.3238337361128805,-2.0940515691645936,-1.8141982539570176,-1.5482346484406808,-1.3470772086265932,-1.2043239389427822,-1.0759096417973661,-0.9742639226283271,-0.8551718295613974,-0.8011854107614879,-0.7270196024101557,-0.6478744641695116,-0.5492612692187752,-0.4646126611004702,-0.38659067997771607,-0.31485837871514544,-0.24376253315271249,-0.1799297702859678,-0.12725370145692977,-0.0725933883862862,-0.02796661223545941,-0.00400592705380744,0.03747600916692754,-5.05555481904618,0.1960657942129865,1.0589125307466318,0.9482815546344731,0.7297526180636879,0.5832929298908403,0.5006660045847372,0.43481155890579065,0.3835955943300095,0.3389688181791828,0.3030277904067048,0.2715045139645939,0.24230242889945555,0.21998904082404216,0.19995940555500497,0.18060366455670174,0.16484202633564632,0.15469617370404054,0.14537396962555407,0.1413306040011503,0.13852271120642545,0.13829807978284747,0.13833551835344382,0.03747600916692754
46,10.25,137.81,1025.25,21.69,889.95,1.211,-4.871417288720046,-2.7493916485040555,-3.161687239876336,-2.279516397471037,-1.771168139306457,-1.5262319839712826,-1.3328652403167944,-1.1937391296674604,-1.0697128395606006,-0.9732520695103956,-0.8532697116864099,-0.7989177777927365,-0.7304306310570909,-0.6566752422648573,-0.5551317316389299,-0.4718415667301952,-0.3948955524670701,-0.327224612247234,-0.2534321231588271,-0.1870967936012246,-0.13378366800039976,-0.07638950982052775,-0.027973623314559458,-0.00037100296173155783,0.044668756592479555,-4.867262055548653,0.2401131168326642,1.0492334760730186,0.9280639087714918,0.7093576628307384,0.5658166169367987,0.48308295647066146,0.4190107449796214,0.36933344840376575,0.3254437980309225,0.2905324193319829,0.2598875746929562,0.23209945285926256,0.20995057604388856,0.19073262262619387,0.1719227724664039,0.15697135310862212,0.14743657699212107,0.13923741153785366,0.13578708399375017,0.13389496888891922,0.13463697481238232,0.135267679847326,0.044668756592479555
47,10.0,138.09,1025.26,21.73,889.78,1.211,-4.669557593368104,-2.6541119363646777,-3.001139126883693,-2.5756948244987568,-1.7198079618904059,-1.4959230348586676,-1.3115058326848477,-1.1761456055923991,-1.0548915728441035,-0.9612945668020603,-0.8434097300782212,-0.7993880369674659,-0.7275612206219105,-0.6647312683856181,-0.5572131886601066,-0.477167014980163,-0.39904609617133746,-0.3307735965109231,-0.25742879074775554,-0.19115559422273293,-0.13576749254595422,-0.07715829137326659,-0.025028313324533688,0.006812440313186685,0.05427737771267217,-4.6659292284186895,0.28660380687162024,1.0437473090709013,0.9088313715640954,0.6922031744311863,0.5512523033860681,0.4690587300421854,0.40622877780589295,0.3577641888387116,0.3149642920884735,0.2809761387868139,0.25139385720944346,0.22458838554233929,0.20311438890294647,0.1846023228345044,0.1666826428802525,0.1525764485360996,0.14376470508752118,0.136470951056555,0.13380521354269934,0.13273151371072972,0.13432355139261573,0.13654499932082878,0.05427737771267217
48,9.0,137.08,1025.28,21.74,889.88,1.211,-3.9855401364508865,-2.546195047210205,-2.534669245598943,-2.040477188810569,-1.7302503538563152,-1.5091340044985158,-1.2417652473803134,-1.1127061095972521,-1.0110627135108818,-0.9288154884208097,-0.822323049585365,-0.7970334266324993,-0.7244096863828982,-0.6713313184449513,-0.5653983845420921,-0.5021743271599278,-0.41444395373051757,-0.34722876116257656,-0.27415741696690704,-0.20817313525065417,-0.14554588312991446,-0.07098252578068355,-0.005333947023982001,0.04289537816489022,0.10876775889462598,-3.9802807900845822,0.49143183245428573,1.0556366064735287,0.8738721040409113,0.6449226856269147,0.5146326369921654,0.437271754980007,0.3762857173281848,0.3313015207483086,0.29176317217893155,0.26076659891369347,0.2340222631361054,0.20929214511582522,0.1912387859577323,0.1754607468588205,0.1602049123636552,0.14875371141007146,0.1428229591246649,0.1387572232812101,0.13916752689843948,0.14170394925949387,0.14748550022954426,0.153602754159146,0.10876775889462598
49,9.75,138.9,1025.23,21.83,890.26,1.211,-4.549273729246106,-2.6268473688342824,-2.8926568950805334,-2.563100193611559,-1.651721698885767,-1.4574621198871915,-1.2865372459066335,-1.169201221304993,-1.054993666619017,-0.9529687418399243,-0.8439875721895297,-0.8001521878418026,-0.7233022445017069,-0.664229371388271,-0.5568676449883383,-0.48829894554264924,-0.4086885875710845,-0.33518794731717094,-0.2611720296653832,-0.19852902029524763,-0.14166447888698705,-0.07320619602655683,-0.015384710879387005,0.019470124533961068,0.07331661261181559,-4.535655683730858,0.33706502926656984,1.0464915895540927,0.9009993357114687,0.6827057466549034,0.5440961266267419,0.4638232691436245,0.4004809547335168,0.35303862860067026,0.3115587980717967,0.2780657672099733,0.24968870479847238,0.22318872433637035,0.20276165606350005,0.18487416925158115,0.1678332095933128,0.15443599724858345,0.146559614166792,0.1401922577502036,0.13813114815870678,0.1380943426302872,0.14092836831859532,0.14449850457529517,0.07331661261181559
50,9.5,137.65,1025.25,21.82,889.84,1.211,-4.432685601623746,-2.591533915645383,-2.7727592843487487,-2.3625042736234616,-1.6999675034734447,-1.4629519105863416,-1.2854409376342233,-1.1740090650967983,-1.0608685705137995,-0.9681943965201742,-0.858248282283248,-0.8127840782879786,-0.7364532455998425,-0.6759085948545082,-0.5693797247087297,-0.5009605549707508,-0.4191695605282807,-0.34640454776134216,-0.2695165557105188,-0.2064461158543362,-0.14723864757945102,-0.07540223375032432,-0.013260392831953585,0.027449384601719046,0.08639684517401693,-4.41879376151408,0.38035412492774434,1.057414182465139,0.9003695301023947,0.6772086333674447,0.5392559751661126,0.4576135565536924,0.39543457167780915,0.3483731775095033,0.3072548165431934,0.2740109745695283,0.24589299873258472,0.21963222077126487,0.19994592328965308,0.1825254072163023,0.16566205050563865,0.15299596099388463,0.1456414574064146,0.1401441516945683,0.13884411318163167,0.1396612802469061,0.14356139578571597,0.14809295860223792,0.08639684517401693
51,9.25,137.78,1025.3,21.82,889.86,1.211,-4.243576761937624,-2.5912848060976623,-2.646539325305445,-2.1216770555439477,-1.8124892422200793,-1.4256333908156953,-1.2411671618151014,-1.1376345166910502,-1.0377385021125753,-0.9541702165142374,-0.846332988295423,-0.8010606488504975,-0.7282167125141134,-0.6755226780782164,-0.5669432803603048,-0.5036362220873188,-0.420067936488981,-0.34896809847547505,-0.2736750027920702,-0.20888360552088991,-0.1489534184687959,-0.07280682786142939,-0.009388444163578815,0.03681160715521812,0.09885697727973898,-4.2247627651355115,0.42578264163202895,1.0529900853190215,0.8842578496992869,0.6588609728234857,0.5252333545110456,0.44426266215954774,0.3834418717085371,0.33753868818937904,0.29775840303777235,0.2652884874522725,0.23797664988549777,0.2123346936916916,0.19374334773930826,0.17715585943448722,0.16131054062876327,0.1494729371181639,0.14275630315133478,0.1380806353070228,0.1376724420825194,0.13930521498053308,0.14416642519961936,0.14965847949293817,0.09885697727973898
