,Alpha,Delta_Pb,P_bar,T,rpm,rho,P001,P002,P003,P004,P005,P006,P007,P008,P009,P010,P011,P012,P013,P014,P015,P016,P017,P018,P019,P020,P021,P022,P023,P024,P025,P026,P027,P028,P029,P030,P031,P032,P033,P034,P035,P036,P037,P038,P039,P040,P041,P042,P043,P044,P045,P046,P047,P048,P049,P050,P051,P052,P053,P054,P055,P056,P057,P058,P059,P060,P061,P062,P063,P064,P065,P066,P067,P068,P069,P070,P071,P072,P073,P074,P075,P076,P077,P078,P079,P080,P081,P082,P083,P084,P085,P086,P087,P088,P089,P090,P091,P092,P093,P094,P095,P096,P097,P098,P099,P100,P101,P102,P103,P104,P105,P106,P107,P108,P109,P110,P111,P112,P113,q_inf,p_s_inf,c_n,c_l,p_s_avg,P050_v,P051_v,P052_v,P053_v,P054_v,P055_v,P056_v,P057_v,P058_v,P059_v,P060_v,P061_v,P062_v,P063_v,P064_v,P065_v,P066_v,P067_v,P068_v,P069_v,P070_v,P071_v,P072_v,P073_v,P074_v,P075_v,P076_v,P077_v,P078_v,P079_v,P080_v,P081_v,P082_v,P083_v,P084_v,P085_v,P086_v,P087_v,P088_v,P089_v,P090_v,P091_v,P092_v,P093_v,P094_v,P095_v,P096_v,V_inf
1,-6.0,138.73,1025.42,20.06,889.72,1.218,-169.07,212.25,270.34,189.28,103.4,55.27,22.38,8.66,-7.58,-16.46,-15.57,-29.18,-35.13,-40.92,-32.21,-30.08,-22.93,-16.58,-10.05,-4.21,0.11,4.4,9.23,10.75,19.38,-165.2,-622.73,-620.7,-482.37,-235.25,-192.98,-164.42,-142.45,-126.69,-113.04,-101.07,-91.12,-82.36,-73.3,-64.8,-57.03,-48.75,-40.11,-30.95,-21.35,-11.7,-1.64,7.63,19.38,291.76,292.67,292.81,291.68,291.77,292.54,293.54,292.65,292.07,292.45,292.55,291.82,292.46,291.8,291.54,292.64,291.79,291.25,292.27,293.38,291.75,283.44,266.31,239.95,218.26,212.35,226.9,253.65,276.42,289.2,290.94,292.67,292.61,289.71,292.4,294.49,293.56,293.44,292.23,294.22,292.31,293.67,292.71,291.24,291.64,293.65,293.06,293.05,15.7,12.46,13.54,13.69,14.3,14.49,14.97,15.71,16.21,16.14,16.12,11.33,1.58,-0.02,-0.17,-0.21,271.3616082847924,21.688391715207615,-0.39608011415048594,-0.3982618341487763,14.555,21.33496247884508,21.369952663665185,21.37533068527273,21.331883674062727,21.335347298203875,21.364957574286624,21.403351332813795,21.369184264374592,21.346888653206907,21.361498751254224,21.365341853392266,21.337271290894137,21.361883092580666,21.336501714637272,21.32649469618185,21.368800054367743,21.336116916099595,21.31532747930658,21.3545794245022,21.39721296094178,21.334577652545164,21.012350735113746,20.332014277923896,19.238158236902816,18.289094258637128,18.02183495939791,18.67292587998839,19.814202665204565,20.73624338734902,21.236219331468888,21.303383636206615,21.369952663665185,21.367647382896486,21.25592740667643,21.35957694088523,21.43976171962779,21.404118505520334,21.39951505673394,21.353041491843285,21.429419797108892,21.35611724640892,21.40833746399018,21.37148937936433,21.314942298510548,21.330344105024466,21.407570442476406,21.384930931288054,21.108897737353086
2,-5.0,140.15,1025.4,20.19,889.68,1.218,-84.9,224.19,260.42,164.63,76.79,30.89,0.06,-12.75,-25.07,-34.52,-32.38,-44.17,-49.38,-53.01,-42.97,-41.09,-34.25,-25.24,-17.87,-12.01,-8.84,-4.76,-0.51,0.1,22.87,-82.72,-558.81,-524.02,-296.02,-202.53,-170.85,-145.23,-125.69,-111.83,-100.04,-89.55,-80.86,-73.25,-65.05,-57.35,-50.37,-42.59,-34.36,-25.57,-16.03,-6.31,3.82,13.55,22.87,293.98,294.82,294.93,293.61,293.79,294.55,295.75,294.64,294.4,294.43,294.56,293.99,294.47,293.74,293.8,294.83,294.02,293.47,294.18,295.36,292.54,280.5,259.62,236.09,228.03,244.73,268.56,285.34,292.62,294.57,293.22,294.71,294.17,290.8,293.77,295.6,294.91,294.75,293.51,295.41,293.56,295.04,294.13,292.47,292.92,294.87,294.36,294.38,14.59,12.48,13.48,13.45,13.88,12.42,14.23,15.29,15.43,15.19,15.1,11.5,0.73,-0.02,-0.16,-0.19,274.1744209393915,20.2055790606085,-0.2792185227097571,-0.2802850921056018,13.92,21.444547957698163,21.476683809537356,21.480888515807987,21.430377592190073,21.437272453516687,21.466359675109086,21.512206791747403,21.46980160486773,21.460621898780804,21.461769576765427,21.46674213900184,21.444930810596343,21.463299718616565,21.435357436722757,21.437655436347356,21.477066089577782,21.44607932828302,21.42501338824252,21.452203717449994,21.49731720383344,21.38934559752383,20.922093350039887,20.086021902359587,19.100030519495213,18.75036945448817,19.467880161021004,20.448180330233154,21.111168726335116,21.39241613236559,21.46712459608052,21.415431110654122,21.4724782799079,21.451820994352143,21.322452068961702,21.436506467328332,21.506481247107438,21.48012408497855,21.474007658704707,21.426546154977075,21.49922670163913,21.428461959216826,21.485092399203197,21.450290033674033,21.38665851790729,21.403926714921585,21.47859514170058,21.45909156598756,21.21801837300462
3,-4.0,140.2,1025.33,20.25,890.02,1.217,1.44,225.37,238.19,135.33,47.47,6.29,-11.04,-32.36,-43.08,-49.88,-47.31,-56.72,-59.99,-63.43,-52.7,-48.81,-41.4,-31.57,-24.13,-18.85,-16.18,-12.65,-9.27,-7.91,27.14,3.42,-527.48,-357.35,-252.81,-191.9,-157.27,-124.17,-104.47,-91.94,-82.39,-74.94,-68.55,-62.38,-55.78,-49.15,-43.26,-36.42,-28.87,-20.74,-11.65,-2.27,7.81,17.67,27.14,293.04,293.86,293.93,292.83,292.93,293.57,294.89,293.76,293.42,293.57,293.72,292.88,293.61,292.92,292.93,293.89,293.01,292.51,293.25,293.96,287.5,269.16,248.03,239.15,251.11,273.47,286.02,291.55,293.32,293.76,292.36,293.85,293.96,287.37,293.52,295.32,294.77,294.44,293.16,295.18,293.34,294.69,293.89,292.14,292.6,294.6,293.85,294.1,14.2,12.99,13.97,13.78,14.05,14.3,14.17,15.29,15.24,14.9,14.79,12.19,0.67,-0.02,-0.14,-0.13,274.27347745189593,19.826522548104094,-0.18656174997261404,-0.18701731475189226,14.155833333333332,21.40827317893649,21.439723331016776,21.442405963107685,21.400211437634415,21.40405074075573,21.42860599180737,21.479162540602726,21.435890417082238,21.42285338011821,21.42860599180737,21.434357059594845,21.40213117528608,21.430139760791985,21.403666841434138,21.40405074075573,21.440873071583656,21.407121687484178,21.38792103631908,21.41633188556071,21.443555559839698,21.19457018985596,20.471202157566413,19.60472863433909,19.228939718718447,19.733398383897164,20.64347617862196,21.137114163939287,21.351007383655343,21.41901744732132,21.435890417082238,21.382157478835943,21.43934007045941,21.443555559839698,21.189529618047864,21.426688626183683,21.4956060430125,21.474571409012263,21.461940733013634,21.412878525523745,21.490253725911515,21.41978468883692,21.471510109232124,21.440873071583656,21.37370144985394,21.3913784254187,21.46806562518405,21.43934007045941,21.230568086722418
4,-3.0,140.79,1025.33,20.34,889.46,1.217,90.88,229.28,215.39,106.55,22.51,-9.15,-32.14,-48.68,-59.44,-62.35,-58.77,-68.63,-68.8,-70.99,-57.92,-53.63,-45.56,-35.75,-28.92,-24.2,-22.88,-19.72,-17.52,17.03,27.34,97.93,-364.48,-275.5,-200.44,-152.21,-126.54,-107.86,-94.65,-84.79,-76.63,-69.52,-63.48,-58.66,-52.83,-47.54,-42.06,-34.81,-25.57,-16.04,-6.32,2.69,12.27,21.66,27.34,296.55,297.29,297.35,296.17,296.4,297.0,298.22,297.1,297.23,296.96,297.08,296.26,297.12,296.29,296.43,297.22,296.54,296.02,296.46,295.43,283.74,263.51,252.35,258.3,273.08,288.59,294.47,296.38,296.85,297.26,295.84,297.26,296.98,293.29,296.7,298.46,297.89,297.6,296.17,298.22,296.2,297.77,297.15,295.23,295.7,297.71,297.27,296.98,15.06,14.42,15.35,15.06,15.17,16.15,15.48,16.12,16.17,15.78,15.66,13.64,1.31,0.0,-0.11,-0.09,275.4424152646113,21.53758473538869,-0.11588830342572562,-0.11604734227513776,15.338333333333333,21.49742170497789,21.525688029382902,21.527978266914673,21.482892112552808,21.491687512979844,21.51461511112611,21.56115937365191,21.518434002438074,21.523397548154104,21.513087364786607,21.517670278396906,21.486334219760057,21.5191976993744,21.487481466296792,21.492834473767996,21.52301577758441,21.497039473097583,21.477154041294742,21.493981373352078,21.45456940474266,21.002080214168725,20.195090670977038,19.73579252111738,19.981983120078954,20.58078922774638,21.190983752191585,21.41777062123891,21.490922838447315,21.508885502829184,21.524542819235492,21.470266331515464,21.524542819235492,21.51385125151744,21.37245198012707,21.503154367853448,21.570303800033656,21.5485794511527,21.537518301889335,21.482892112552808,21.56115937365191,21.48403954289788,21.54400311264775,21.520343193963622,21.44690819834285,21.46490769590833,21.541714578819942,21.524924562721257,21.27576171584314
5,-2.0,138.13,1025.36,20.5,889.42,1.216,178.2,215.38,179.38,67.91,-3.07,-35.41,-52.59,-65.59,-72.96,-76.17,-70.7,-77.74,-78.98,-78.95,-64.08,-59.62,-50.72,-41.14,-36.63,-31.59,-32.01,-31.26,-15.07,33.27,27.38,184.07,-208.75,-192.37,-149.12,-118.88,-100.29,-87.04,-77.18,-69.71,-63.42,-57.73,-52.94,-48.86,-43.9,-39.26,-34.82,-30.04,-24.99,-20.21,-15.47,-10.99,-4.08,13.33,27.38,290.46,291.24,291.38,290.34,290.25,291.14,292.12,291.4,290.68,291.02,291.17,290.38,291.07,290.3,290.25,291.32,290.51,289.85,290.85,291.43,286.25,273.25,258.37,253.03,259.89,274.3,283.77,288.95,290.63,291.17,289.87,291.27,291.1,288.98,291.13,293.04,292.1,291.75,290.76,292.8,291.01,292.42,291.2,289.75,290.14,292.28,291.49,291.71,14.27,14.05,14.89,14.54,14.64,15.23,14.83,15.48,15.51,15.03,14.88,13.39,0.65,-0.02,-0.07,-0.1,270.173323675654,21.53667632434599,-0.04586821407422584,-0.045896172782611926,14.728333333333333,21.295681033997347,21.325780769730247,21.331178790598777,21.291046528545788,21.28756998731683,21.321924203842062,21.35968852440618,21.331949824930053,21.304175008833774,21.317295403810803,21.323081246847256,21.29259147577828,21.31922419262574,21.289501469198793,21.28756998731683,21.328865520368513,21.29761178028794,21.272111818718663,21.31073621605259,21.333106324175965,21.13247947110067,20.62038092880737,20.01815239822588,19.79756375672912,20.08049863520815,20.662213902032214,21.035749124480215,21.23728980049421,21.30224485740675,21.323081246847256,21.272884993928592,21.3269376035065,21.320381382158757,21.2384514542713,21.32153850888732,21.395080082915932,21.3589184914126,21.345438417331,21.30726288743784,21.385853149039452,21.316909625105424,21.371235689877192,21.324238227071845,21.268245521054613,21.283320110177375,21.365847789273094,21.33541913460157,21.079943529416255
6,-1.0,138.27,1025.34,20.55,890.11,1.216,242.92,192.8,139.12,29.9,-34.2,-62.95,-75.32,-85.77,-88.63,-90.55,-82.87,-89.35,-88.5,-87.11,-72.16,-67.98,-57.26,-48.64,-45.21,-42.27,-41.7,-41.38,14.83,39.85,27.09,248.96,-71.07,-113.06,-100.16,-86.48,-74.37,-67.15,-59.75,-54.57,-50.27,-45.91,-42.38,-39.34,-35.26,-31.36,-27.58,-23.14,-18.05,-13.19,-8.21,-4.05,-0.34,3.32,27.09,291.44,292.29,292.36,291.24,291.2,291.91,293.24,292.26,291.65,292.02,292.11,291.37,292.18,291.41,291.37,292.28,291.35,290.73,291.46,291.65,287.18,274.87,261.0,256.37,263.62,276.73,284.06,288.84,291.37,292.11,290.73,291.96,291.63,286.75,291.52,293.38,292.7,292.31,291.23,293.38,291.52,292.7,291.81,290.27,290.68,292.78,291.89,292.12,13.43,13.78,14.65,14.19,14.2,14.56,11.48,14.95,14.85,14.27,14.14,13.27,0.22,-0.01,-0.08,-0.1,270.4505779812845,21.669422018715522,0.03959056803435991,0.03959659878814578,13.980833333333335,21.36228718083556,21.394983989530832,21.39767444119169,21.35458653844813,21.353046076716687,21.38037277299628,21.43146844974186,21.393830835243545,21.370369868894016,21.384603362347224,21.388064131208832,21.35959227180013,21.390755453224394,21.361132261451594,21.35959227180013,21.39459961167443,21.358822235336426,21.334937319771917,21.36305709240448,21.370369868894016,21.197658706779926,20.714584816568422,20.156426372817357,19.966631977974142,20.263038633164644,20.78829561674364,21.07626996652288,21.261961287873174,21.35959227180013,21.388064131208832,21.334937319771917,21.382295871921375,21.369600220792414,21.1809701809671,21.365366660646373,21.436839857361797,21.41073754025171,21.395752724527426,21.354201433433403,21.436839857361797,21.365366660646373,21.41073754025171,21.37652605612217,21.31719895978897,21.333009951633436,21.413810052508456,21.379603484990984,21.090756970163046
7,0.0,139.0,1025.31,20.58,890.3,1.216,280.14,155.4,90.48,-8.02,-70.67,-90.17,-98.39,-107.68,-106.29,-105.95,-97.07,-102.18,-99.07,-95.83,-80.35,-74.59,-64.77,-58.69,-54.6,-52.67,-54.16,-13.73,26.53,37.4,39.53,283.83,48.1,-36.69,-52.72,-53.39,-49.4,-45.91,-41.61,-38.69,-36.08,-33.36,-30.9,-28.85,-25.83,-22.71,-19.51,-15.44,-10.54,-5.65,-0.35,4.07,8.02,10.2,39.53,292.91,293.93,294.07,292.71,292.8,293.68,294.89,293.79,293.3,293.43,293.65,293.04,293.85,292.97,292.95,293.71,292.99,292.24,293.04,293.42,288.57,278.46,266.03,256.78,258.92,269.81,278.94,286.68,291.61,293.48,292.39,293.7,293.41,287.62,293.26,295.27,294.43,294.27,292.99,294.93,293.11,294.53,293.54,292.13,292.6,294.5,293.7,293.9,13.52,14.45,15.27,14.72,14.61,15.3,14.24,15.25,15.07,14.43,14.27,14.02,0.43,-0.02,-0.09,-0.09,271.8963805053999,22.00361949460006,0.13577510193912576,0.13577510193912576,14.595833333333333,21.395176175869437,21.434346156937902,21.439716843590386,21.38748737528722,21.39094767755416,21.424752296465698,21.471146744965896,21.428974124244583,21.410161395115924,21.41515413800204,21.423600744497854,21.400172414865374,21.431276588856534,21.39748227729182,21.3967136044341,21.42590378654248,21.398250922537095,21.369407804435777,21.400172414865374,21.414770122183544,21.22770373125069,20.832357433283207,20.335757602821236,19.95818682874845,20.046170665075497,20.488048773464488,20.851297079852866,21.154357779667418,21.345149465434865,21.41707411381142,21.37517954166927,21.425519963393054,21.414386099478637,21.190868450862375,21.408624932284372,21.485696231303738,21.453521006969723,21.447386920129787,21.398250922537095,21.472678734092398,21.402862214314055,21.45735392075877,21.41937785760869,21.365174206161978,21.383257356526357,21.456204118516364,21.425519963393054,21.147056396867686
8,0.0,138.26,1025.36,20.62,889.43,1.216,276.28,156.8,89.47,-8.47,-69.28,-89.83,-97.76,-106.28,-106.37,-104.9,-96.28,-101.07,-98.37,-95.07,-79.09,-73.62,-64.02,-57.95,-54.11,-52.19,-53.73,-15.94,25.81,36.64,39.15,280.31,48.52,-36.27,-51.71,-52.87,-48.82,-45.28,-41.19,-38.31,-35.76,-33.07,-30.61,-28.8,-25.59,-22.56,-19.33,-15.35,-10.51,-5.63,-0.38,3.94,7.86,10.0,39.15,289.28,290.12,290.19,289.15,289.04,289.92,290.94,290.33,289.31,289.93,290.1,289.37,290.24,289.36,289.18,290.11,289.38,288.6,289.8,290.32,284.93,275.3,262.31,253.18,255.81,267.3,276.05,283.29,288.14,289.72,288.38,289.86,289.46,286.58,289.63,291.5,290.45,290.22,289.24,291.2,289.55,290.9,289.63,288.44,288.8,290.85,290.01,289.98,13.23,14.19,14.98,14.46,14.37,15.05,14.0,15.03,14.75,14.11,13.98,13.77,0.13,0.01,-0.1,-0.1,270.4307738579922,19.549226142007797,0.13577510193912576,0.13577510193912576,14.326666666666668,21.26560314670107,21.298062262570998,21.300764956200474,21.260575283926556,21.256320009608373,21.29033839026355,21.329700896892042,21.30616931494709,21.266763253919144,21.2907246504282,21.29729000139475,21.269083278523595,21.30269524171539,21.268696625330637,21.26173566548065,21.297676135483183,21.269469924687662,21.239290386930325,21.285702721565883,21.30578333478429,21.096712348842996,20.717925961358944,20.195725403198658,19.82046611946809,19.929288373841132,20.397905809261616,20.747674779886296,21.03268654995771,21.221472078839923,21.282611714813314,21.230770453167445,21.28802068209733,21.272562841006287,21.16093305408101,21.279133795521833,21.351280827680014,21.31080053161414,21.301923148499093,21.264056238622448,21.33972286441004,21.276041834428483,21.328158637753823,21.279133795521833,21.2330944105096,21.247032816578695,21.326230656988773,21.29381447950835,21.089984755880614
9,1.0,137.55,1025.37,20.65,890.47,1.216,282.14,98.7,22.17,-63.88,-112.97,-124.78,-128.81,-133.62,-128.52,-129.11,-115.1,-118.57,-113.62,-109.15,-93.54,-86.07,-79.29,-73.17,-69.48,-69.37,-61.29,-0.74,17.81,25.6,29.52,287.23,153.37,39.78,-0.49,-15.19,-18.81,-20.62,-20.41,-19.75,-19.07,-17.81,-16.74,-15.7,-13.6,-11.23,-8.74,-5.38,-0.77,3.86,9.34,14.2,18.45,20.78,29.52,290.69,291.51,291.75,290.68,290.64,291.4,292.51,291.62,291.01,291.38,291.45,290.67,291.48,290.66,290.87,291.63,290.62,290.16,291.25,292.39,287.91,271.75,253.94,248.38,257.37,274.82,285.76,289.94,291.15,291.46,290.0,291.54,290.59,287.83,290.36,292.3,291.56,291.33,290.1,292.15,290.44,291.79,290.66,289.24,289.68,291.74,290.92,291.22,13.0,15.19,15.97,15.22,14.91,15.53,15.45,15.25,14.81,14.03,13.85,14.97,0.46,0.0,-0.08,-0.11,269.02477717784353,22.195222822156495,0.2676240363035587,0.2676648029495115,14.848333333333331,21.299928444818445,21.331564311248066,21.34081471750827,21.299542351561566,21.2979979085425,21.32732320082107,21.370081254104242,21.335804578631286,21.312279735961134,21.326551999220094,21.329251082829558,21.299156251305916,21.330407728396782,21.298770144051108,21.306876927085415,21.336190015697856,21.2972256450327,21.27945584896546,21.32153850888732,21.36546288723848,21.192323688858032,20.55567162524524,19.830352311721988,19.598421772298714,19.972088528129415,20.6781280117465,21.108728031854668,21.270952003208674,21.317681175534883,21.329636638321034,21.273271570995686,21.332720831393623,21.29606719725911,21.189219060313782,21.287183669910196,21.3619984568433,21.33349180999251,21.32462387319723,21.277136955369347,21.356223157287424,21.29027401288813,21.342356062082317,21.298770144051108,21.24387166533759,21.260897618488727,21.34042936397008,21.308806658939638,21.035088838974712
10,2.0,138.91,1025.33,20.68,890.29,1.216,271.26,34.65,-36.2,-113.92,-151.15,-157.75,-154.49,-155.02,-147.14,-144.37,-128.5,-130.17,-124.28,-119.92,-103.58,-94.46,-88.91,-84.94,-82.61,-82.61,-20.56,2.19,13.4,23.7,36.01,274.67,220.91,96.93,39.6,13.47,4.64,-1.57,-3.88,-5.38,-6.25,-6.44,-6.54,-6.71,-5.57,-4.17,-2.71,-0.26,3.38,7.36,12.46,17.52,22.69,26.27,36.01,290.87,291.83,291.85,290.63,290.62,291.61,292.78,291.85,291.07,291.4,291.7,291.01,291.75,290.95,291.03,291.78,290.92,290.14,291.29,292.72,290.4,275.46,254.32,246.79,255.9,274.49,285.86,290.31,291.2,291.59,290.06,291.59,290.91,287.02,291.07,292.97,292.07,291.76,290.69,292.53,290.92,292.23,291.08,289.72,290.24,292.28,291.43,291.53,12.36,15.2,15.95,15.13,14.67,15.21,15.33,14.84,14.34,13.43,13.28,15.1,0.35,0.01,-0.08,-0.08,271.71812005394486,19.811879946055114,0.35400535453948834,0.3542211364851003,14.57,21.317616880732334,21.354618630219207,21.355388818257264,21.308356403805032,21.307970463259938,21.34614472772173,21.39117193708903,21.355388818257264,21.325330872980736,21.338052863370642,21.34961173072315,21.323016968327416,21.351537600246424,21.320702812549417,21.323788297777227,21.35269303858415,21.319545640463108,21.289437089292598,21.33381304285215,21.388865155299357,21.299478002004996,20.714617899851355,19.85763475076367,19.543305489954463,19.92296017426284,20.676073128135332,21.123462261067356,21.29600283720176,21.330343471955132,21.34537420613656,21.286346624810445,21.34537420613656,21.319159902476656,21.168574648085755,21.325330872980736,21.39847510553276,21.363859054117786,21.35192275330627,21.31067190029693,21.381558704443858,21.319545640463108,21.370017116954948,21.325716499347127,21.273207141972346,21.293299539131034,21.371941147707023,21.339209031856434,21.14012305357526
11,3.0,139.0,1025.33,20.71,889.72,1.215,211.91,-33.61,-109.07,-168.48,-192.42,-189.41,-181.56,-176.84,-168.16,-161.26,-146.3,-144.09,-136.09,-131.28,-115.19,-107.03,-102.0,-99.18,-97.83,-42.11,-15.47,-3.75,8.93,21.64,39.22,218.2,262.85,146.19,75.56,40.37,24.99,16.05,10.94,7.69,5.15,3.62,2.44,1.0,1.29,1.89,2.33,3.84,6.62,9.91,14.28,18.88,24.03,28.58,39.22,291.12,292.14,292.13,291.04,290.93,291.84,293.0,292.11,291.31,291.88,291.92,291.17,291.76,291.17,291.55,292.06,291.27,290.56,291.53,293.06,291.12,277.84,255.87,245.32,253.65,273.45,285.75,290.36,291.54,291.79,290.54,291.81,291.92,289.35,291.93,293.84,292.9,292.69,291.56,293.49,291.64,293.02,292.02,290.67,291.01,293.03,292.3,292.41,12.4,16.03,16.75,15.85,15.33,15.84,16.26,15.51,14.55,13.59,13.47,16.1,0.79,0.0,-0.15,-0.24,271.8963805053999,20.513619494600107,0.440289193134818,0.4408934222469444,15.14,21.314034480680128,21.353385637629,21.353000193976268,21.31094504241478,21.306696333359035,21.341819299881784,21.38650780397264,21.352229285797094,21.32137010244106,21.34336184039913,21.344904269441102,21.315965152213266,21.338733884324256,21.315965152213266,21.330632545090232,21.350301893568204,21.31982597076881,21.292398999268094,21.32986082849494,21.38881673869505,21.314034480680128,20.794902825911322,19.906365175129203,19.465279842364552,19.814364827012305,20.620418184181787,21.10565231568979,21.284666711908766,21.33024669028262,21.339890967436027,21.291625896895084,21.340662321323517,21.344904269441102,21.245575671106394,21.3452898592864,21.4188102400382,21.382659025385145,21.37457433455785,21.33101839291815,21.405356815795496,21.334104924318027,21.387277476576635,21.34875985449981,21.29665056066049,21.309786387591352,21.387662302491876,21.35955179012184,21.1557570993123
12,4.0,137.65,1025.28,20.73,889.97,1.215,102.61,-120.77,-188.43,-225.35,-233.09,-219.96,-206.15,-197.23,-185.36,-176.15,-159.27,-154.48,-146.77,-142.01,-125.51,-119.06,-115.72,-113.17,-61.49,-31.57,-22.67,-9.02,6.47,20.38,40.4,108.47,279.62,188.91,110.11,66.79,47.48,33.99,27.42,22.4,18.24,15.33,12.95,10.89,10.01,9.73,9.28,9.92,11.88,14.44,18.02,21.99,26.69,31.11,40.4,288.77,289.7,289.97,288.9,288.74,289.54,290.56,289.9,289.18,289.35,289.73,288.84,289.33,288.93,289.2,289.8,288.78,288.19,289.48,290.88,289.08,275.47,251.96,241.36,251.4,272.36,284.48,288.39,289.3,289.44,287.94,289.38,289.03,284.85,289.1,291.04,290.26,289.85,288.73,290.8,289.18,290.36,289.25,287.95,288.25,290.46,289.5,289.54,11.08,15.34,16.04,15.04,14.36,14.74,15.17,14.28,13.38,12.29,12.16,15.53,0.22,-0.01,-0.12,-0.14,269.2227934150915,20.317206584908547,0.530483607042888,0.5317789939450193,14.1175,21.26271103736389,21.29867941577522,21.309110476517116,21.26774253248293,21.261549754013387,21.292495635091026,21.331886525013427,21.306406617798388,21.278575558006175,21.28515006216128,21.299838674788514,21.26542045189525,21.284376696488543,21.268903477707376,21.279349134512486,21.30254336715372,21.263098117719956,21.2402483071208,21.290176254279146,21.344229470450387,21.27470725355063,20.741501308806214,19.786618914454376,19.34067548962708,19.76331139678407,20.617723806943964,21.095998489366995,21.247996758639246,21.28321659528877,21.288629860018524,21.23055876594875,21.286310057987354,21.272772837538852,21.110428838877645,21.275480970708497,21.350398267312006,21.320308523929842,21.304475080043957,21.261162645467838,21.34114440334549,21.278575558006175,21.324168556102098,21.281282952755134,21.230946432501614,21.242573139340884,21.328027889670235,21.290949409290587,21.051486694324055
13,5.0,137.62,1025.28,20.75,889.85,1.215,-53.18,-223.85,-276.87,-287.72,-278.69,-256.95,-235.63,-223.4,-206.51,-194.45,-176.09,-171.77,-161.75,-157.14,-142.63,-135.91,-131.84,-79.58,-53.6,-42.41,-31.23,-13.82,3.17,18.39,39.81,-50.39,282.07,224.43,141.37,90.15,67.45,51.9,42.88,36.1,30.54,26.51,22.97,19.78,18.16,17.0,15.83,15.71,16.92,18.76,21.72,25.08,29.22,33.37,39.81,289.73,290.6,290.78,289.47,289.5,290.44,291.49,290.76,289.93,290.38,290.48,289.66,290.3,289.77,290.0,290.71,289.75,288.92,290.26,291.75,289.72,274.88,251.09,239.91,250.7,273.58,285.98,289.42,290.08,290.28,288.84,290.48,290.33,285.97,290.35,292.19,291.39,291.08,289.95,291.9,290.18,291.53,290.4,289.24,289.51,291.2,290.65,290.72,10.33,15.44,16.1,15.0,14.23,14.53,15.11,14.04,12.84,11.63,11.51,15.75,-0.42,0.0,-0.15,-0.17,269.16338814924853,21.556611850751494,0.625353522685139,0.6277422715489562,13.875833333333333,21.30917484992407,21.342751264775323,21.349691516421608,21.299130246222305,21.300289480699345,21.336580257025066,21.377044981152103,21.348920488766293,21.316898247438168,21.334265668927372,21.33812317627469,21.306470999374532,21.331179160786558,21.310719753355013,21.319600775555834,21.346992797790424,21.309947315639615,21.277866421502488,21.329635739228543,21.387052991595052,21.30878860656529,20.72767445566897,19.760465442722534,19.28918615006765,19.744214828764132,20.675990197442026,21.16383928493277,21.297198048541336,21.322688959694535,21.330407463967376,21.274771731055182,21.33812317627469,21.332336653672613,21.16345038912875,21.333108280705925,21.40397896421798,21.373194498546592,21.361253591651842,21.317670433289184,21.39282471403769,21.326548561016086,21.37858498001211,21.335037226193737,21.29024068493582,21.300675878172058,21.365876669845687,21.34467933881457,21.049164011795597
14,6.0,141.2,1025.29,20.81,889.78,1.215,-261.07,-336.71,-372.64,-354.21,-324.82,-292.1,-265.67,-247.41,-227.23,-212.85,-193.32,-188.66,-179.44,-174.56,-158.16,-127.68,-94.81,-77.91,-63.93,-50.11,-35.96,-17.1,1.37,17.48,39.12,-258.04,271.23,253.5,171.98,114.8,86.73,70.04,59.26,50.94,44.0,38.62,34.01,30.08,27.41,25.51,23.47,22.6,23.15,24.25,26.49,29.25,32.85,36.44,39.12,291.09,292.12,292.23,291.09,290.9,291.83,293.04,292.14,291.38,291.77,292.03,291.29,291.93,291.17,291.76,292.11,291.34,290.62,291.63,293.02,291.74,279.98,254.69,236.53,246.25,273.57,288.25,291.14,291.57,291.94,290.54,291.97,291.98,287.45,292.04,293.7,292.84,292.61,291.43,293.4,291.6,292.99,291.99,290.59,290.87,292.74,292.16,292.31,10.5,16.26,16.9,15.67,14.72,14.96,15.48,14.17,13.16,11.79,11.69,16.69,-0.48,0.0,-0.1,-0.09,276.25480503625596,16.055194963744043,0.6985367480293199,0.702384483722855,14.332499999999998,21.344036666820262,21.383717508553016,21.387950917384405,21.344036666820262,21.33670883789067,21.37255268400227,21.419098435223127,21.3844872815856,21.35521639997385,21.370241992040096,21.3802531869351,21.351747454050777,21.376403282216366,21.347121315937805,21.369856852421922,21.383332611645148,21.35367471580273,21.325905342637334,21.364849405588068,21.418329906112618,21.369086552361207,20.911237060273276,19.890957889486288,19.12477978032925,19.538607976160698,20.65740533227076,21.234241312446894,21.345964624755585,21.362537880396093,21.37678830388935,21.32281762432745,21.377943327302322,21.378328321239238,21.20321040991771,21.380638139279153,21.444444444444443,21.41141190278637,21.40256897775911,21.357143348689238,21.43292724688745,21.363693674255103,21.417177060738627,21.37871330824307,21.32474750066406,21.335551582203646,21.407567601604903,21.385257026909823,21.324643486182058
15,7.0,139.77,1025.29,20.83,889.93,1.215,-510.61,-457.14,-474.33,-420.49,-371.28,-328.43,-295.95,-273.92,-250.81,-236.46,-212.75,-205.63,-188.04,-165.95,-139.85,-122.0,-106.03,-88.83,-70.64,-54.95,-38.93,-19.31,0.11,16.01,37.76,-506.88,243.18,273.14,198.85,137.69,106.07,88.18,74.84,64.95,56.55,50.11,44.57,39.52,36.19,33.41,30.74,29.17,28.96,29.31,30.86,32.93,35.98,39.03,37.76,293.32,294.32,294.48,293.11,293.05,293.98,295.28,294.24,293.88,293.86,294.08,293.47,294.17,293.3,293.89,294.15,293.29,292.92,293.54,294.83,293.51,279.87,252.3,232.43,242.15,273.08,289.58,293.26,293.76,294.06,292.86,294.17,294.58,289.93,294.78,296.25,295.48,295.29,294.02,295.55,293.96,295.43,294.66,293.03,293.37,295.36,294.67,294.71,10.58,17.09,17.69,16.37,15.27,15.34,15.88,14.55,13.46,11.97,11.88,17.59,-0.07,-0.01,-0.11,-0.08,273.4216221533284,21.28837784667155,0.7930750228977833,0.7990308778955179,14.805833333333332,21.41166816499083,21.450072823714635,21.456211189962172,21.403594431668157,21.40128709127648,21.437022959374936,21.486876717109013,21.447002981765607,21.43318325184736,21.43241522779387,21.440861979273738,21.417433253962265,21.444316509565287,21.410899369176022,21.433567253553946,21.443548884261546,21.410514960916572,21.396287000171082,21.42012309781102,21.46963274756931,21.418970348953,20.88826502877174,19.772124313356564,18.92694061206894,19.345001445665094,20.618987879614707,21.267420036451497,21.40936169472558,21.428574694623826,21.440094230286547,21.39397887167301,21.444316509565287,21.460046777249946,21.280960661918,21.46771589593899,21.524000066789895,21.494536263042228,21.487259759252485,21.43855864982922,21.497216459362498,21.436255072891544,21.492621632469323,21.463114753561612,21.40051792253023,21.413590033771328,21.489940863088474,21.463498219766134,21.215012238632205
16,8.0,138.89,1025.29,20.87,889.86,1.215,-785.33,-577.5,-577.44,-484.92,-415.56,-364.19,-325.09,-300.45,-271.55,-241.11,-209.31,-199.6,-186.2,-173.91,-149.27,-129.16,-110.39,-91.95,-72.56,-55.77,-39.42,-19.54,-0.56,14.97,35.13,-782.89,196.27,284.37,220.9,158.0,123.93,103.96,89.44,78.26,68.72,61.29,54.94,49.09,44.85,41.37,37.86,35.54,34.67,34.21,35.15,36.51,38.88,41.02,35.13,293.52,294.49,294.61,293.35,293.37,294.13,295.25,294.27,294.06,294.08,294.23,293.61,294.32,293.47,294.21,294.33,293.6,293.0,293.64,295.02,292.4,275.62,247.7,228.27,235.92,267.24,287.59,293.24,293.94,294.31,292.81,294.13,293.72,288.12,294.22,295.53,294.77,294.55,293.26,295.02,293.36,294.81,293.93,292.55,292.88,294.62,293.98,293.91,10.63,17.75,18.33,16.93,15.77,15.47,16.06,14.89,13.69,12.07,12.0,18.36,0.1,-0.01,-0.11,-0.08,271.6785070337505,22.231492966249505,0.8736496287412013,0.8822354838235192,15.1625,21.405645192110768,21.442909175516856,21.44751465260398,21.399107708023447,21.399876927456567,21.429086805481756,21.472060513980704,21.43446323078256,21.426398086925946,21.42716632665466,21.43292724688745,21.409105404913188,21.436383055882317,21.403722609952364,21.432159213659986,21.436767000270077,21.40872096444188,21.385641889182228,21.41025868490926,21.463242576391014,21.36253788039609,20.705956281089826,19.564707454438917,18.729501826880703,19.062707868393726,20.370134678771166,21.17640973390218,21.394876506788737,21.421788069982075,21.43599910461765,21.378328321239234,21.429086805481756,21.413333794566665,21.19699877816777,21.432543233714018,21.482790509285415,21.45365375080103,21.445212037691856,21.395645878342634,21.463242576391014,21.399492321196274,21.45518825087905,21.421403857120954,21.368316224532172,21.381023084692373,21.44789839772215,21.42332485252057,21.147279233641324
17,9.0,138.65,1025.29,20.91,889.85,1.215,-1082.59,-691.52,-689.89,-556.53,-468.13,-410.34,-338.9,-299.76,-273.94,-253.64,-224.7,-214.07,-198.54,-182.91,-155.64,-134.58,-114.68,-94.85,-75.07,-57.25,-40.86,-21.41,-3.11,11.07,29.45,-1081.18,132.62,286.79,237.28,175.55,139.78,116.82,101.42,89.06,78.47,70.03,62.56,56.11,50.99,46.86,42.62,39.68,38.0,36.84,37.07,37.69,39.3,40.83,29.45,293.03,294.08,294.23,292.98,292.77,293.76,295.06,293.85,293.57,293.71,293.75,293.22,293.8,293.13,293.71,294.06,293.3,292.62,293.4,294.78,291.71,276.6,250.11,225.69,223.9,249.74,276.71,290.54,293.35,293.96,292.65,293.92,293.61,289.5,294.12,295.43,294.56,294.43,293.23,294.99,293.24,294.71,293.77,292.39,292.74,294.48,293.85,294.09,9.87,17.63,18.17,16.71,15.52,14.66,15.6,14.57,13.16,11.39,11.32,18.32,-0.9,-0.01,-0.13,-0.12,271.2031625187115,22.886837481288467,0.9462126260872601,0.9580072854936345,14.74333333333333,21.40292148308202,21.443261017688105,21.449017615101845,21.40099865623623,21.3929208962189,21.430975108508452,21.480842902385888,21.434431232240733,21.423677016326184,21.429054798911686,21.4305910603548,21.410226650192662,21.432511232305657,21.406766618629536,21.429054798911686,21.442493354598543,21.413301764450487,21.38714919973282,21.41714503637019,21.470111933736813,21.352100798394545,20.76149755006276,19.683364606937936,18.634304692836263,18.55507502889294,19.66788724677144,20.76585780747113,21.306953854994738,21.415223486626687,21.438654626830125,21.388303663630776,21.437118943251345,21.425213663374794,21.266742778867116,21.44479626142672,21.49501489403821,21.461676694272803,21.4566906758695,21.41061106362847,21.47816066285783,21.41099547016251,21.467428353432073,21.431359149779993,21.37829623867597,21.391766681502254,21.458608512359184,21.434431232240733,21.128770879503083
18,10.0,135.65,1025.28,20.92,890.04,1.215,-1251.9,-711.44,-800.92,-690.77,-459.89,-400.6,-351.83,-315.58,-282.75,-257.92,-225.73,-213.15,-195.21,-178.2,-149.42,-127.42,-107.82,-87.84,-68.35,-51.72,-37.06,-21.15,-6.98,2.51,15.94,-1249.76,77.0,280.86,244.62,186.71,148.57,125.63,109.37,96.24,84.94,75.8,67.78,60.4,54.72,49.98,45.06,41.38,39.03,36.99,36.32,35.97,36.48,36.83,15.94,287.35,288.26,288.55,287.44,287.34,288.15,289.07,288.6,287.46,287.97,288.16,287.59,288.06,287.47,287.89,288.53,287.41,286.95,288.26,288.6,280.27,259.46,235.18,215.87,216.32,239.53,263.94,280.33,286.9,288.21,286.52,288.08,287.68,285.59,288.31,289.67,288.59,288.53,287.47,289.62,287.71,289.09,287.99,286.72,287.01,288.99,287.96,288.35,9.9,17.78,18.32,16.93,15.76,13.84,14.99,14.8,13.38,11.61,11.45,18.55,-0.43,-0.02,-0.13,-0.15,265.2631828322515,23.086817167748507,0.9962752946481217,1.0116444469500143,14.775833333333333,21.18210933381999,21.217438540425544,21.22868494447735,21.185606056425485,21.181720773453563,21.213171103300127,21.248836004592548,21.23062337753247,21.186383027519156,21.206186172001587,21.21355908760332,21.191432645253105,21.209678925192136,21.18677150238095,21.20308101948377,21.22790952169289,21.184440546353894,21.166561355494476,21.217438540425544,21.23062337753247,20.90520114331,20.069187597143234,19.04744635430239,18.19393317536301,18.214278605816798,19.234492622556694,20.2520807920084,20.907563231384675,21.16461705510315,21.21549890268872,21.149834530933592,21.210455014460177,21.19492782970603,21.113612587341375,21.219378000862424,21.27206350759268,21.23023570508058,21.22790952169289,21.18677150238095,21.270128851144914,21.196092763113125,21.24961066374554,21.206962389090307,21.157616094278367,21.16889428024078,21.245737085525423,21.20579805280248,20.89610524807639
19,10.25,137.93,1025.33,20.97,889.89,1.214,-1308.75,-741.33,-846.67,-613.4,-473.6,-409.02,-356.88,-320.77,-286.0,-260.67,-228.0,-214.23,-196.02,-177.5,-148.62,-126.22,-106.23,-86.28,-66.85,-50.52,-36.04,-20.59,-7.12,1.54,13.85,-1307.02,65.08,283.91,250.9,192.58,153.7,130.38,113.6,100.21,88.57,79.11,70.82,63.11,57.29,52.28,47.2,43.31,40.71,38.44,37.54,36.97,37.29,37.24,13.85,290.87,291.78,292.1,290.83,290.72,291.64,292.74,291.87,291.23,291.5,291.72,291.01,291.62,290.85,291.49,291.86,290.9,290.23,291.27,290.94,280.47,257.41,233.71,216.02,217.5,240.32,264.46,282.02,289.58,291.56,290.16,291.52,291.47,287.84,292.09,293.27,292.4,292.2,290.99,292.92,291.06,292.52,291.58,290.25,290.53,292.49,291.78,291.88,10.24,18.34,18.88,17.43,16.22,13.93,14.96,15.1,13.74,11.93,11.78,19.01,-0.38,0.01,-0.1,-0.15,269.7772588759252,22.102741124074782,0.9885416187049816,1.0045739175924904,15.13,21.31353763048721,21.348678240185397,21.36102163918014,21.31199165887306,21.307739658572327,21.343275758393947,21.385687064077132,21.352150542373582,21.327446332157795,21.33787190876185,21.34636305827028,21.31894764828492,21.342503863644655,21.312764658697724,21.33748586713412,21.3517647589047,21.314697035612166,21.28878861262615,21.328991183583682,21.316242811017464,20.90773644283611,19.978571716763067,18.976270623794324,18.192182907656637,18.259072805141546,19.26106092287738,20.267161255851185,20.96871443777567,21.26362340701573,21.3401880118758,21.286079943028998,21.33864397106545,21.33671376292489,21.196111047984353,21.360636015927575,21.40609160555403,21.372587101399755,21.364877488890997,21.31817487265627,21.39261909082369,21.320879464816,21.37721153429226,21.34095999038861,21.289562454927076,21.300393295206494,21.376055519860028,21.348678240185397,21.081830792922737
20,10.5,138.36,1025.31,20.99,890.44,1.214,-1354.06,-760.8,-888.48,-560.95,-484.12,-415.34,-362.08,-324.07,-289.68,-262.83,-229.56,-215.3,-195.54,-178.0,-148.48,-125.95,-105.7,-85.45,-66.38,-50.03,-36.3,-21.94,-9.4,-0.94,9.83,-1351.37,51.01,283.03,253.1,194.73,156.0,132.58,115.24,101.68,89.78,80.14,71.71,63.98,57.76,52.61,47.28,43.2,40.45,37.97,36.85,36.12,36.17,36.1,9.83,290.68,291.67,291.66,290.54,290.53,291.29,292.42,291.69,290.83,291.38,291.49,290.85,291.39,290.68,291.09,291.64,290.74,290.05,290.7,289.49,275.47,251.76,229.67,212.7,213.61,235.61,260.22,279.34,288.36,291.09,289.87,291.41,290.93,288.17,291.78,292.94,292.02,291.89,290.7,292.8,290.87,292.21,291.08,290.0,290.21,292.07,291.68,291.47,9.59,17.78,18.36,16.91,15.67,13.28,14.13,14.56,13.18,11.32,11.19,18.46,-0.8,0.02,-0.09,-0.18,270.62881678235107,20.84118321764896,0.9895252751737414,1.006377153636916,14.535833333333334,21.32915209917244,21.367351292639018,21.366965783621744,21.323744670332026,21.323358372942415,21.35269705702317,21.396244672991912,21.368122289808294,21.33494425205584,21.35616870579143,21.360411065815285,21.335716420300734,21.35655440970769,21.32915209917244,21.344980260412704,21.366194744720048,21.331469149055614,21.3048078611636,21.32992447710005,21.283145161949722,20.73342877200012,19.769019022820956,18.826099459730237,18.068338453647666,18.10977721432083,19.08423047513618,20.118437070489676,20.88661500665017,21.23936565641957,21.344980260412704,21.297847253623075,21.357325796643288,21.33880481386269,21.23199563536308,21.371591432867632,21.41625453399099,21.380839729143915,21.37583073201601,21.32992447710005,21.410869103344943,21.33648856060083,21.388158460941813,21.344594347347716,21.30287458720533,21.310993159268214,21.38276595406306,21.367736794701077,21.115077211275835
21,10.75,138.52,1025.3,21.02,890.04,1.214,-1407.84,-797.3,-948.97,-549.66,-498.61,-425.91,-370.38,-331.05,-294.79,-266.97,-233.51,-217.63,-197.77,-179.23,-149.4,-126.85,-105.78,-85.61,-66.39,-50.36,-37.22,-24.18,-12.06,-4.72,5.87,-1406.23,35.28,283.38,256.96,198.52,158.79,135.3,117.52,103.6,91.37,81.45,72.74,64.55,58.31,52.89,47.38,43.06,40.07,37.39,36.08,35.09,34.81,34.6,5.87,292.22,293.12,293.34,291.96,291.96,292.85,294.06,293.08,292.48,292.83,292.96,292.42,292.92,292.2,292.73,292.94,292.22,291.52,292.13,291.35,279.04,256.66,234.15,213.56,210.24,229.39,254.13,275.71,288.2,292.36,291.5,293.0,292.35,289.76,293.07,294.28,293.43,293.31,292.08,294.08,292.11,293.56,292.49,291.08,291.47,293.3,293.02,292.75,8.83,17.13,17.7,16.27,15.06,12.34,13.44,13.83,12.5,10.61,10.47,17.81,-1.71,0.02,-0.1,-0.18,270.9456932795209,21.804306720479076,1.0046647348115445,1.0226111538429457,13.832499999999998,21.415613482310594,21.450202857686786,21.458649558084314,21.40561059032528,21.40561059032528,21.439831904477636,21.486270088277887,21.448666736596817,21.42561170428515,21.4390634861483,21.444057713097024,21.423304836446718,21.442521151774955,21.414844194963536,21.43522098130314,21.443289446199156,21.415613482310594,21.388671962118877,21.412151471594445,21.38212389837062,20.902515554531078,20.001132587371014,19.05154285112461,18.139469739720088,17.98807494418715,18.84461301985807,19.896664676243596,20.770872870495992,21.2604272314223,21.42099772017732,21.38790170573005,21.445594164325584,21.42061317664044,21.320782878146563,21.448282689134224,21.49470261546279,21.4621040682849,21.457497931094682,21.410227890417342,21.48703681840716,21.41138205986116,21.467092934941846,21.42599615811084,21.371719908833132,21.386746269131983,21.457114041696116,21.44636234866219,21.12743530817271
22,11.0,138.25,1025.29,21.04,890.24,1.214,-1269.29,-905.58,-1012.8,-559.02,-505.07,-428.67,-371.85,-331.0,-294.95,-266.89,-232.32,-216.66,-195.76,-177.56,-146.41,-123.4,-102.73,-82.3,-63.82,-49.06,-36.79,-24.87,-13.36,-7.16,2.2,-1267.33,11.83,280.94,258.73,201.01,161.14,137.51,119.74,105.58,93.3,83.17,74.3,66.0,59.58,53.99,48.31,43.84,40.69,37.8,36.29,35.03,34.5,33.86,2.2,291.22,292.13,292.35,291.12,291.04,292.0,293.05,292.14,291.44,291.88,292.01,291.38,291.96,291.19,291.73,292.09,291.18,290.56,290.85,288.3,273.83,250.48,227.98,210.31,210.12,230.33,253.89,274.33,286.28,291.02,290.51,291.87,291.47,287.09,292.11,293.31,292.36,292.28,291.06,293.01,291.32,292.6,291.53,290.26,290.73,292.44,291.92,291.81,9.14,17.4,17.97,16.53,15.21,12.3,13.12,13.83,12.8,10.87,10.73,18.06,-1.26,0.02,-0.12,-0.16,270.41096977228744,21.399030227712558,1.0157343938220977,1.0347455846267855,13.996666666666668,21.370788440584338,21.405835065443817,21.414299266372037,21.36693365755634,21.36384933034716,21.40083191862983,21.44120858511327,21.40621987445621,21.37926651672061,21.39621259088829,21.40121681760234,21.376954647598698,21.399292253509827,21.36963207868758,21.390437028396313,21.40429576021282,21.369246610816525,21.345334007926407,21.35652226798073,21.25794098483863,20.689647282343046,19.73812630098652,18.775678005571947,17.98376227757231,17.97505746386405,18.878495272271966,19.87992510789319,20.709544367193597,21.1795234382113,21.36307817896604,21.34340440480478,21.39582760189254,21.380422357538,21.21100291595647,21.40506542666535,21.451194877428446,21.41468392328782,21.41160647447273,21.36462045389374,21.43967181959685,21.374642528426342,21.42391361736318,21.38273385173631,21.333753771255132,21.351893354168805,21.417760929914245,21.397752477603955,21.106577040179374
23,11.25,137.98,1025.27,21.11,889.98,1.214,-1320.98,-953.56,-1084.15,-591.36,-514.87,-431.46,-373.05,-331.98,-294.99,-265.73,-230.5,-214.77,-193.54,-174.48,-143.95,-121.42,-99.59,-79.07,-61.61,-47.42,-36.03,-25.92,-15.32,-10.76,-1.62,-1319.17,-7.59,278.86,260.52,203.66,163.62,139.74,121.82,107.56,95.01,84.72,75.73,67.42,60.67,54.94,49.1,44.45,41.11,37.99,36.26,34.78,33.96,33.03,-1.62,290.25,291.22,291.44,289.96,290.12,290.96,292.05,291.3,290.67,290.81,291.06,290.59,290.88,290.39,290.77,291.12,290.52,289.52,289.23,284.39,266.34,242.07,220.84,206.13,207.7,229.86,254.06,274.01,285.81,290.13,289.57,291.16,290.67,286.98,290.72,292.46,291.42,291.33,290.18,292.25,290.41,291.73,290.86,289.51,289.7,291.51,291.15,291.04,9.46,17.7,18.33,16.91,15.44,12.35,12.94,14.0,13.21,11.25,11.06,18.41,-0.79,0.01,-0.14,-0.14,269.8762736663269,21.16372633367314,1.028461414159623,1.0486101644355752,14.254999999999997,21.323390564658848,21.360828828424058,21.369310855944562,21.31218491145769,21.31836806918961,21.350800269735906,21.392811615058086,21.363913591705792,21.339609009664112,21.345012419519843,21.35465796504252,21.33652073250694,21.347713611567766,21.328798083274652,21.34346872771942,21.35697224775631,21.333818123267086,21.295171970628672,21.283951460803326,21.09580405979255,20.378825784682448,19.372997053296068,18.448244537730087,17.779307892233977,17.851898500324772,18.84668919399264,19.876264685758226,20.686528338395075,21.15117781352863,21.318754457003887,21.29710594380252,21.358514963586607,21.339609009664112,21.1966939699415,21.341538955947794,21.408592710524903,21.36853990165988,21.365070263109626,21.320686291039568,21.400511164197972,21.32957047402175,21.380486569084606,21.346941877289026,21.2947851549169,21.302133452334942,21.372008976931706,21.358129295075752,21.085699209349478
24,11.5,137.33,1025.16,21.14,890.18,1.214,-1377.86,-989.97,-1094.2,-630.1,-526.01,-437.65,-376.16,-334.36,-296.84,-265.93,-230.46,-212.98,-190.8,-170.85,-141.34,-120.15,-96.1,-75.99,-59.49,-46.56,-36.22,-27.85,-17.95,-14.76,-5.43,-1376.55,-19.73,278.97,263.75,207.12,167.07,142.42,124.57,110.03,97.22,86.69,77.45,68.9,62.03,56.08,50.03,45.21,41.61,38.26,36.29,34.56,33.4,32.27,-5.43,291.61,292.55,292.79,291.52,291.36,292.37,293.39,292.52,292.04,292.26,292.35,291.89,292.42,291.62,291.72,292.46,291.59,290.51,290.0,285.12,266.88,241.85,221.17,206.62,207.28,227.93,251.98,272.76,285.84,290.96,290.86,292.28,292.14,287.83,292.2,293.96,293.13,293.05,291.77,293.73,291.87,293.3,292.15,290.9,291.13,292.99,292.54,292.45,9.66,18.02,18.65,17.26,15.77,12.18,12.93,14.1,13.48,11.54,11.31,18.69,-0.53,0.0,-0.19,-0.22,268.58915468669085,23.86084531330914,1.044856476006498,1.0662620006205406,14.46583333333333,21.367736794701077,21.40394298717255,21.41317731090019,21.364267025723187,21.358097155718827,21.397014629048016,21.43624571660916,21.40278841656837,21.384306809072815,21.392779527806006,21.396244672991916,21.378528030148836,21.398939397984055,21.368122289808298,21.371976858447166,21.400479088490375,21.366965783621744,21.325289789914535,21.30558112162769,21.116066115999597,20.392126539954745,19.35466972020019,18.453564621145652,17.79223710675648,17.822766786481715,18.75288738522182,19.78109887234463,20.628276951662944,21.144134166832636,21.342664677352936,21.338804813862694,21.393549608573036,21.388158460941817,21.221518044579646,21.39046911916231,21.45813773149709,21.426252456828916,21.42317666983886,21.37390388209184,21.449306800420413,21.37775740826665,21.432787038591727,21.388543587980386,21.34034884303556,21.349224843721775,21.420869539765388,21.403558137224593,21.035357176505183
25,11.75,136.98,1025.24,21.15,890.02,1.214,-1413.77,-1014.46,-1000.96,-639.69,-526.9,-436.73,-375.83,-333.02,-294.44,-262.41,-225.68,-208.55,-185.4,-164.99,-133.93,-112.73,-89.8,-70.7,-55.93,-44.99,-37.19,-31.11,-22.54,-20.04,-12.09,-1411.33,-33.96,276.11,264.49,208.36,168.56,143.86,125.67,111.03,98.09,87.39,78.02,69.33,62.27,56.18,49.89,44.88,41.0,37.42,35.15,33.1,31.49,29.81,-12.09,290.54,291.52,291.62,290.47,290.46,291.22,292.2,291.47,290.77,291.27,291.31,290.84,291.17,290.5,290.47,291.41,290.46,289.59,288.96,284.04,266.79,242.1,221.21,205.58,204.49,223.33,246.18,267.89,282.52,289.11,289.44,291.17,291.03,286.85,291.19,293.06,292.12,291.91,290.75,292.68,291.03,292.44,291.21,289.89,290.21,292.08,291.44,291.64,9.9,18.23,18.88,17.53,16.01,12.23,12.95,14.29,13.74,11.83,11.6,18.92,-0.64,0.05,-0.19,-0.28,267.8961563988229,23.743843601177105,1.0349503659049817,1.0571014268402923,14.675833333333335,21.318335869888973,21.35616870579143,21.360025431539732,21.31563095499018,21.315244510555246,21.34459434734772,21.3823807229611,21.35424008171037,21.32722103197537,21.346523842905373,21.348067313788555,21.32992447710005,21.342664677352936,21.316790246260698,21.31563095499018,21.351925502863818,21.315244510555246,21.281596982517645,21.25719828335264,21.065683997545847,20.38000468312335,19.35637202154251,18.445974664650826,17.734271713001203,17.683570808842468,18.540403658493503,19.529227311518326,20.424416319393774,21.00616394462145,21.26301003683319,21.27579030629898,21.342664677352936,21.337260672959168,21.175277255124932,21.343436566286332,21.4154852696718,21.37929862425377,21.371206000337025,21.326448556137347,21.400863993808606,21.337260672959168,21.391624354676203,21.344208427305244,21.293205584498104,21.305581121627686,21.37775740826665,21.353082823648343,21.008202540160514
26,12.0,138.99,1025.26,21.17,889.91,1.214,-1479.19,-1044.27,-1057.47,-649.78,-535.65,-441.96,-378.62,-334.82,-296.24,-261.59,-222.6,-203.53,-178.1,-157.49,-125.12,-104.16,-81.85,-64.19,-52.6,-45.58,-41.38,-38.18,-32.75,-30.74,-21.2,-1477.19,-42.34,278.36,268.56,212.41,171.65,146.57,127.94,112.91,99.62,88.6,78.97,69.72,62.56,56.14,49.55,44.18,40.07,36.11,33.45,30.98,28.83,26.41,-21.2,293.33,294.21,294.44,293.14,293.13,293.94,295.2,294.13,294.03,293.76,294.02,293.34,293.97,293.35,293.28,294.04,293.26,292.04,290.43,283.51,264.35,239.35,218.55,205.25,206.18,225.9,249.37,270.38,285.25,292.15,292.46,294.26,293.84,288.86,293.66,295.52,294.75,294.62,293.27,295.14,293.41,294.74,293.85,292.42,292.78,294.68,294.08,294.19,9.52,17.87,18.54,17.15,15.35,11.19,11.53,13.31,13.42,11.44,11.18,18.53,-1.2,0.0,-0.12,-0.12,271.8765736382217,22.313426361778284,1.0245635568960967,1.0474529162341857,14.085833333333333,21.448538721540015,21.482308213328306,21.49112558377924,21.441240599890282,21.44085641941113,21.47195276701156,21.520235550891236,21.479240453419052,21.475405137272602,21.465046360684553,21.475021567984854,21.448922764418295,21.47310361877191,21.449306800420413,21.44661840399325,21.4757886997096,21.44585022882847,21.398939397984055,21.336874620272532,21.068030023519963,20.30509332499725,19.264232491513773,18.353303984866066,17.746344109974654,17.789459083276334,18.68027030390963,19.688018361332254,20.548258249266002,21.135951502329895,21.403173280356654,21.41510062714976,21.484225340824654,21.468116148907345,21.276177467350323,21.461208507922805,21.532480605643183,21.50300414499675,21.49802361195579,21.446234319850234,21.517938827368283,21.45161087205436,21.50262106802721,21.468499841571518,21.413561987969924,21.42740576312277,21.50032246287688,21.47732288095735,21.163697650712578
27,12.25,138.61,1025.24,21.18,889.79,1.213,-1512.66,-1055.71,-1063.24,-646.5,-531.86,-438.35,-374.13,-327.92,-289.14,-252.79,-212.42,-191.45,-163.36,-141.22,-108.21,-88.19,-69.28,-57.74,-51.43,-48.93,-48.16,-45.93,-41.61,-40.34,-28.5,-1510.34,-48.2,277.17,269.76,214.06,173.88,148.02,129.33,114.23,100.75,89.55,79.71,70.47,62.92,56.28,49.45,43.8,39.36,35.1,32.07,29.18,26.52,23.52,-28.5,293.48,294.45,294.58,293.33,293.34,294.07,295.24,294.22,294.1,293.87,294.15,293.49,294.11,293.42,293.27,294.25,293.37,292.3,290.54,284.49,265.72,240.7,220.36,205.47,204.45,221.54,243.51,266.23,282.28,290.89,292.13,294.3,294.37,288.85,294.19,296.07,295.2,295.08,293.79,295.77,293.73,295.25,294.47,292.88,293.21,295.2,294.56,294.63,10.18,18.49,19.22,17.81,16.01,11.44,11.77,13.71,14.08,12.09,11.87,19.16,-0.46,0.0,-0.12,-0.19,271.1239405377705,23.506059462229473,1.010607190969655,1.0341537270828276,14.652500000000002,21.44136351190833,21.478626811971644,21.483615950954626,21.435595362790743,21.435979954353904,21.46403652563094,21.508927573803,21.469797033649787,21.465188750908265,21.456353442518804,21.467108988938204,21.441748000010644,21.465572812256497,21.439056438490823,21.433287668491197,21.470948949792987,21.437133687644952,21.395945405663745,21.328023435771875,21.09287357725552,20.346037773765897,19.305651027169542,18.416608691073716,17.737552676121073,17.690081803914413,18.46935475667145,19.425274838612893,20.366692010387982,21.006319466848094,21.341547865435224,21.38939417134839,21.47286867270997,21.475555996495526,21.262598709346204,21.46864505569966,21.540716636336057,21.507394384035386,21.50279415881663,21.45327943884003,21.52923203047264,21.450973646992278,21.509310854168938,21.479394447243628,21.418281594931983,21.43097972569844,21.507394384035386,21.48284846652741,21.143093549521307
28,12.5,137.44,1025.23,21.22,890.13,1.213,-1455.26,-1058.94,-1090.67,-632.4,-520.55,-427.45,-362.15,-314.39,-275.29,-237.21,-198.57,-172.42,-143.49,-120.71,-89.09,-76.05,-63.39,-57.14,-54.18,-53.59,-54.3,-52.58,-49.09,-47.85,-35.99,-1452.06,-52.03,273.3,267.32,212.88,172.98,147.48,128.8,113.72,100.23,88.95,79.05,69.71,62.05,55.25,48.24,42.37,37.65,33.21,29.81,26.53,23.41,19.82,-35.99,290.48,291.23,291.3,290.29,290.27,290.98,291.99,291.25,290.7,290.97,291.12,290.47,290.94,290.25,290.01,291.08,289.99,288.39,286.17,276.75,258.13,233.26,213.03,200.74,202.53,220.67,241.79,263.58,278.88,287.48,288.46,290.81,290.58,285.39,290.66,292.48,291.64,291.63,290.26,292.41,290.53,291.89,290.86,289.44,289.85,292.03,291.03,291.1,10.06,18.29,19.02,17.66,15.73,11.2,11.08,13.68,13.78,11.89,11.74,18.98,-0.35,0.07,-0.14,-0.21,268.8069636582246,22.293036341775405,0.9894741319766474,1.0134980833278109,14.425833333333332,21.33446470962598,21.363426408438468,21.366127497324634,21.327121502188533,21.326348385899994,21.35377687329815,21.392734266975374,21.364198182967204,21.342964214512005,21.353390801192123,21.359181150056624,21.334078288037425,21.352232542990365,21.325575241583667,21.316295322509713,21.35763721052186,21.315521813554472,21.253549886959394,21.167263322132655,20.797146368183103,20.045462207131923,18.995125276801833,18.09584114890787,17.526997978771,17.61099140910731,18.440616425644116,19.361794536185055,20.268363038447696,20.881409217126667,21.218222606908373,21.256264938145588,21.347212697909107,21.3383285406318,21.136862798142797,21.3414191017672,21.41160885313344,21.3792422176651,21.378856605427412,21.325961817245492,21.40891350247407,21.33639671259205,21.388880264187673,21.349143547238718,21.294239306557945,21.31010646472197,21.39427567369572,21.355707129136125,21.05255715271036
29,12.75,139.17,1025.25,21.23,890.09,1.213,-1420.11,-1072.39,-1109.25,-637.81,-522.13,-426.15,-359.03,-309.68,-265.5,-225.84,-185.16,-155.82,-127.12,-105.27,-79.44,-72.81,-65.38,-62.94,-62.22,-62.37,-63.51,-62.07,-58.85,-58.09,-44.41,-1416.42,-56.03,276.36,271.77,216.32,176.49,150.11,131.03,115.55,101.7,90.1,79.84,70.24,62.2,55.07,47.74,41.54,36.42,31.62,27.78,24.04,20.49,16.31,-44.41,294.04,294.82,294.93,293.55,293.87,294.37,295.89,294.72,294.67,294.39,294.48,293.99,294.6,293.72,293.73,294.69,293.6,291.96,289.42,280.39,261.76,237.83,219.04,205.49,204.54,220.52,240.41,262.16,278.7,288.76,291.42,294.36,294.05,291.72,294.13,295.98,295.09,295.04,293.72,295.73,293.58,295.16,294.23,292.74,293.09,295.2,294.44,294.36,9.69,18.23,19.0,17.65,15.58,10.36,10.65,12.78,13.23,11.5,11.46,18.84,-0.88,0.03,-0.24,-0.49,272.2331029983148,22.126897001685222,0.9732345452038582,0.9978389379191958,14.080833333333336,21.48483107856113,21.51473992581122,21.518954495586613,21.466020875144658,21.478306955844428,21.497489899934866,21.555701218357846,21.51090778218414,21.50899145433829,21.498256861665194,21.501707850904157,21.48291242461025,21.506308308485487,21.472548730809233,21.472932660518072,21.509758005963956,21.467941038743767,21.40486984010106,21.306817902853762,20.9545170179843,20.208279329243982,19.207255373224076,18.383079726349894,17.76503075341243,17.72089030731439,18.44933199489843,19.31767519354256,20.22459085606952,20.887922435102304,21.281265895110156,21.384061783923922,21.49710640880849,21.48521478879075,21.395624313482216,21.488284223962715,21.55914301243472,21.525083305803758,21.523168240083965,21.472548730809233,21.549581116032154,21.467172993914353,21.527764111606142,21.492120401474356,21.43489026033624,21.448347304360908,21.529295850761667,21.50017414629396,21.186297388391704
30,13.0,134.61,1025.22,21.28,889.79,1.213,-1323.84,-1043.46,-1145.6,-613.96,-503.22,-408.15,-339.14,-292.23,-246.03,-204.78,-165.37,-137.9,-110.57,-93.04,-73.58,-71.59,-66.95,-65.63,-64.76,-65.77,-67.04,-65.84,-62.8,-62.65,-48.56,-1318.38,-52.61,271.0,267.67,214.26,174.42,148.53,129.86,114.52,100.76,89.24,78.98,69.29,61.31,54.12,46.69,40.37,34.96,30.15,26.12,22.04,18.27,13.94,-48.56,289.15,289.81,289.98,288.7,288.88,289.78,290.72,289.94,289.37,289.59,289.76,289.24,289.73,288.97,288.69,289.83,288.81,287.13,285.01,275.7,258.31,234.75,216.04,202.46,199.86,213.88,232.79,254.19,271.28,282.83,286.0,289.38,289.49,286.61,289.64,291.63,290.6,290.47,289.29,291.27,289.86,290.88,289.86,288.37,288.79,291.01,290.03,290.09,10.57,18.8,19.63,18.28,16.22,10.37,10.64,12.0,13.71,12.09,12.12,19.39,-0.15,0.03,-0.11,-0.2,263.20477951205856,26.88522048794141,0.9736321992920323,0.9992427256133268,14.485,21.280717093955644,21.306269759860992,21.312846545330306,21.26327721578878,21.270254882969308,21.305108939910806,21.34145129275704,21.311299248993052,21.289238057024015,21.297755610962938,21.30433502480503,21.28420335479989,21.303174099430226,21.27374285832135,21.26288950047278,21.30704360469326,21.267541617763772,21.20231908795208,21.11972700865314,20.75313224404919,20.050431059091967,19.057123310905475,18.229778235334642,17.604943845844378,17.48276739569672,18.13183378860258,18.972145156476564,19.880309621200315,20.576802023963495,21.034459224228453,21.158336075658674,21.28962529249414,21.293884417894215,21.182090461205135,21.299690943653054,21.376574924020808,21.33681529017681,21.33179181707336,21.286139919659163,21.36268676501812,21.308204319247544,21.34763106341745,21.308204319247544,21.250478875356826,21.266766335552308,21.35265081014417,21.314780507798588,20.832024759600248
31,14.0,137.6,1025.28,21.38,889.93,1.213,-1198.47,-939.67,-1172.1,-575.16,-448.38,-350.64,-275.91,-222.71,-172.46,-137.11,-105.82,-100.64,-94.24,-94.64,-85.41,-89.75,-90.11,-90.63,-91.18,-92.5,-94.11,-93.99,-92.05,-91.63,-75.33,-1194.07,-32.8,274.66,271.46,217.82,178.56,151.7,132.27,116.4,101.99,89.81,78.8,68.21,59.46,51.53,43.28,35.92,29.65,23.89,18.7,13.55,8.54,3.0,-75.33,292.43,292.99,293.1,291.92,292.29,292.96,293.96,292.96,292.98,292.56,292.84,291.86,292.79,292.05,291.94,292.9,291.68,289.46,285.55,274.02,254.44,230.46,213.53,203.73,205.37,222.06,239.74,260.3,275.52,285.63,288.85,292.24,292.7,287.67,292.78,294.73,293.98,293.72,291.58,294.6,292.79,293.9,292.89,291.56,291.87,293.68,293.31,293.6,9.3,19.25,20.37,19.05,16.24,4.33,8.47,2.36,2.87,3.7,8.31,19.67,-1.11,0.01,-0.1,-0.06,269.12378482662393,24.47621517337609,0.9005385173912881,0.9281072697780118,11.160000000000002,21.53507080382994,21.556497978829825,21.560704385968613,21.51553820315624,21.52971067802903,21.55535063442009,21.5935625960481,21.55535063442009,21.556115537478632,21.540046869172162,21.55076064594464,21.513239084212223,21.548847862193554,21.520518784909452,21.51630452154386,21.553055762369183,21.506340252666863,21.42107198098427,21.27006108978995,20.818376054183194,20.028010064390422,19.015332035806967,18.266597665467227,17.81881884494183,17.89453393078917,18.647597530301383,19.413494257204857,20.26778681042679,20.877691166850028,21.2731615688108,21.39758290084072,21.527796023950167,21.545404423506767,21.35207166882644,21.548465285068378,21.62293978959083,21.594326145582333,21.584397894809364,21.502506612063012,21.617982804695387,21.548847862193554,21.591271785433307,21.552673259937592,21.50173980192023,21.513622287765557,21.58287006625358,21.5687325216069,21.064959977964506
32,13.75,137.35,1025.28,21.48,889.76,1.212,-1245.84,-991.18,-1193.29,-584.9,-466.29,-369.09,-294.54,-242.51,-191.12,-151.56,-113.64,-103.36,-93.12,-91.77,-84.27,-85.69,-85.44,-86.86,-85.54,-87.22,-88.22,-88.4,-86.32,-86.23,-70.79,-1242.19,-40.92,275.46,273.17,218.3,178.33,152.73,133.21,117.22,102.76,90.8,79.88,69.51,60.78,52.96,44.86,37.59,31.57,25.86,21.01,16.05,11.25,5.62,-70.79,293.95,294.41,294.36,293.39,294.16,293.35,295.31,294.2,293.92,293.9,293.99,293.23,294.25,293.32,293.16,293.53,293.2,290.95,288.7,279.44,261.83,237.93,218.83,205.57,203.54,216.29,233.28,254.35,272.91,285.1,289.4,293.24,293.5,289.08,293.94,295.53,294.77,294.34,292.31,295.28,293.96,294.62,293.7,292.24,292.64,294.53,294.08,294.59,9.67,19.24,20.25,18.92,16.3,6.43,8.98,5.88,7.64,7.37,10.03,19.73,-0.31,0.02,-0.09,-0.11,268.62875597959146,25.961244020408515,0.9208709053277736,0.9480397626603461,12.536666666666667,21.549441706081026,21.567046940909066,21.56513402463685,21.527989814066324,21.557480662110073,21.526456718045434,21.601450466721595,21.559011551968467,21.54829303896922,21.547527226875925,21.55097316699282,21.521856774727947,21.560925011435266,21.525306824372755,21.519173020372975,21.533354790576727,21.520706635271253,21.4342702883555,21.347483961983688,20.986532430450378,20.28238490695193,19.285647347687398,18.45042118229772,17.847600782328378,17.753507222570704,18.33648337774357,19.085673325629077,19.97578291808156,20.728216659823627,21.207887151900465,21.374521913219528,21.522240140888407,21.5322052652848,21.362165953231926,21.549058823847027,21.609851886809796,21.58081493265061,21.564368810614884,21.48655782615544,21.600304565346562,21.549824581512244,21.575079337162133,21.539867608452447,21.483869662273754,21.49922607146981,21.571637247862185,21.55441855620164,21.05425789582431
33,13.5,139.11,1025.24,21.5,889.88,1.212,-1278.13,-1023.55,-1188.05,-596.73,-481.6,-384.51,-311.38,-260.7,-209.4,-169.49,-126.14,-109.26,-93.29,-88.22,-80.72,-79.68,-79.76,-80.7,-79.57,-81.19,-82.04,-82.03,-80.03,-79.71,-65.08,-1276.03,-47.42,275.2,272.46,216.68,177.69,151.89,132.45,116.58,102.23,90.44,79.71,69.5,60.9,53.26,45.35,38.28,32.47,26.98,22.36,17.63,13.13,7.81,-65.08,293.33,293.22,293.76,292.8,293.45,292.82,294.66,293.56,293.13,293.48,293.39,292.56,293.55,292.84,292.57,292.95,292.55,291.31,289.88,283.23,267.45,245.74,226.56,208.92,202.02,211.6,227.42,248.37,266.76,281.58,287.45,291.34,292.59,288.71,293.46,294.84,294.1,293.75,291.63,294.71,293.3,294.05,293.18,291.72,292.25,293.9,293.35,293.95,9.9,18.7,19.64,18.33,16.15,7.58,9.53,7.93,10.62,10.0,10.94,19.24,-0.95,0.0,-0.08,-0.09,272.1142585251345,21.835741474865472,0.9203786445165891,0.94653138194585,13.213333333333333,21.499737762874858,21.495515944507407,21.516233286276734,21.479388641524263,21.504342437618675,21.480156882899422,21.550717931065186,21.508562523473824,21.492061112631497,21.505493452252207,21.502040223508498,21.47016760087543,21.508178913520727,21.480925096799286,21.470551889968874,21.485149782259295,21.46978330490357,21.42207717610629,21.366928992381112,21.10857781106346,20.482491382771883,19.58844993196434,18.763187514933918,17.970762221716775,17.65112336979212,18.093389319685446,18.800966667561628,19.698916333912205,20.454677689563784,21.04398453070361,21.27288775825599,21.42323261063906,21.471320447521993,21.32170165573446,21.50472611600837,21.557608240417228,21.529267310688805,21.515849813087048,21.43439860001522,21.55263212684612,21.498586440086992,21.527351037326177,21.493980532230694,21.437862724530625,21.458251225450912,21.521601193493787,21.500505277149124,21.19040891321975
34,13.25,138.28,1025.28,21.52,889.97,1.212,-1308.6,-1041.21,-1173.92,-612.37,-498.0,-401.57,-330.47,-280.95,-231.99,-191.31,-148.37,-124.26,-99.9,-89.0,-77.6,-75.53,-73.53,-74.02,-72.51,-73.58,-74.35,-74.09,-71.23,-71.34,-58.85,-1306.01,-52.05,274.32,271.71,216.13,176.47,151.06,131.79,115.97,101.8,90.2,79.58,69.59,61.17,53.74,46.07,39.28,33.68,28.45,24.14,19.7,15.55,10.67,-58.85,292.67,292.42,293.11,292.15,292.91,292.18,294.07,293.07,292.6,292.73,292.91,292.16,292.87,292.3,291.89,292.31,292.23,290.87,290.55,285.13,272.07,251.79,232.83,211.93,201.29,205.56,218.9,239.33,259.84,277.19,284.94,290.12,292.17,286.8,292.88,294.36,293.44,293.23,291.35,294.22,292.86,293.63,292.58,291.5,291.85,293.37,292.84,293.5,10.04,18.47,19.36,18.01,16.23,8.66,10.22,9.26,12.2,10.99,11.37,19.06,-1.1,0.0,-0.08,-0.08,270.4703821421641,23.029617857835888,0.9434288051542674,0.9692304381402658,13.655833333333334,21.457386069642645,21.4477708792212,21.474298348233752,21.43738162960004,21.46661260063298,21.438536239296013,21.51115171172377,21.47276141879043,21.4546942506888,21.45969307428893,21.46661260063298,21.437766506408227,21.46507512087937,21.44315405637866,21.42737240607963,21.44353882958113,21.440460450616108,21.388060218542286,21.375712084202263,21.16547123777951,20.650085171779807,19.8232356356652,19.01771653890749,18.088258443237454,17.596230782010487,17.79532360914618,18.403443799310157,19.297658276627665,20.155507918431255,20.853653456558845,21.158063270633644,21.359108037313145,21.43815137630676,21.230472163728002,21.465459501141815,21.522272087760204,21.486973821466822,21.478908476711172,21.406569064656576,21.516904347913798,21.46469073373361,21.494268430387105,21.453925097524905,21.412349798011128,21.425832110519366,21.484285709635433,21.46392193879067,21.126304991901254
35,13.0,138.81,1025.29,21.55,889.79,1.212,-1343.44,-1055.5,-1145.03,-622.43,-507.98,-411.11,-342.37,-295.22,-247.69,-208.34,-165.76,-139.63,-110.84,-93.69,-77.36,-72.29,-68.2,-68.0,-66.38,-67.03,-67.93,-66.62,-63.64,-63.69,-51.76,-1340.52,-53.87,273.88,270.69,214.65,175.2,150.31,130.92,115.27,101.28,89.86,79.4,69.56,61.45,54.18,46.75,40.17,34.83,29.91,25.86,21.77,17.93,13.43,-51.76,292.08,291.8,292.39,291.5,292.25,291.56,293.25,292.26,291.79,292.01,292.16,291.31,292.38,291.61,291.15,291.62,291.19,288.88,284.99,272.15,251.29,227.55,210.03,201.46,205.12,223.91,244.08,265.57,279.81,288.39,289.83,291.43,292.09,286.82,292.79,294.11,292.9,292.89,291.02,294.1,292.56,293.33,292.13,291.16,291.59,292.98,292.89,293.45,9.99,18.44,19.25,17.86,15.48,9.68,9.98,11.77,13.18,11.47,11.51,19.1,-0.69,-0.01,-0.09,-0.17,271.5200564564721,21.929943543527884,0.9736321992920323,0.9992427256133268,13.975833333333332,21.422366040581924,21.411579123737166,21.43430236634244,21.400015679132263,21.428912590924508,21.402328867861478,21.467381299217298,21.429297619839247,21.41119377619782,21.41966982064669,21.425447019327223,21.392688931360905,21.43391742733064,21.404256334171524,21.38651709164751,21.404641806605568,21.388060218542286,21.298761436381046,21.147531695440982,20.64049364714419,19.78907617231222,18.77318881441899,17.986709737267606,17.589195916280488,17.76005115256412,18.612523139052378,19.48614497494562,20.37576727853994,20.94445611669595,21.279771095239408,21.335531291475938,21.397316642886594,21.42275118715714,21.218810022946126,21.449694262119305,21.500409339363195,21.453925097524905,21.453540510602068,21.381501160095983,21.500025583938523,21.440845272157496,21.47045581834034,21.424291704219833,21.38690288380943,21.4034853684766,21.45700154475292,21.453540510602068,21.16726005989021
36,12.75,137.79,1025.22,21.56,890.21,1.212,-1391.0,-1066.25,-1114.73,-631.23,-515.64,-421.05,-354.0,-306.62,-262.2,-224.4,-182.83,-156.37,-126.23,-103.39,-81.51,-72.01,-65.45,-64.12,-62.03,-61.56,-62.65,-61.04,-57.73,-57.72,-46.08,-1389.38,-55.87,273.37,269.48,213.19,173.45,149.03,129.81,114.27,100.44,89.17,78.93,69.1,61.32,54.26,47.01,40.69,35.6,30.91,27.17,23.44,19.9,15.74,-46.08,291.64,291.28,291.84,291.26,291.67,291.23,292.71,291.88,291.35,291.47,291.69,290.86,291.76,291.0,290.61,291.05,291.0,289.12,287.08,277.66,259.39,235.15,215.66,201.81,200.59,217.35,237.18,258.77,275.31,286.39,288.85,290.96,291.61,287.19,292.17,293.6,292.01,292.56,290.7,293.51,292.07,292.92,291.78,290.83,291.1,292.45,292.29,292.94,9.92,18.16,18.93,17.57,15.43,10.14,10.24,12.36,13.49,11.66,11.52,18.81,-0.81,0.0,-0.07,-0.1,269.5000224619353,23.43997753806468,0.9732345452038582,0.9978389379191958,14.019166666666665,21.40374236012716,21.38986039254958,21.411450675327963,21.389088907955646,21.4048987843717,21.387931628886797,21.444949605591493,21.41299200538454,21.392560369528386,21.39718810885899,21.405669699159777,21.37365336824359,21.408367682303155,21.37905707481368,21.364000492691094,21.38098663904372,21.37905707481368,21.30637864999864,21.227233322867452,20.857873335697697,20.12218589608305,19.102417785100496,18.24118003488005,17.603575306918724,17.546300529348816,18.31746237727252,19.189898390039016,20.0967475708457,20.76470544696529,21.200396710487947,21.29592042205883,21.37751329803073,21.40258587339873,21.231508488453418,21.42416333202881,21.47916456594728,21.418000562022765,21.43917766225849,21.36747603024724,21.475707103598708,21.420311808556793,21.453027717313564,21.409138472180803,21.37249525337029,21.382916029152597,21.434943916000066,21.428784246415567,21.08837378777924
37,12.5,136.87,1025.27,21.57,890.22,1.212,-1437.15,-1046.23,-1097.07,-629.39,-515.36,-423.39,-357.98,-312.33,-270.59,-236.72,-196.35,-171.66,-140.28,-117.81,-89.03,-73.65,-62.72,-58.86,-55.71,-54.14,-54.88,-52.82,-49.29,-47.99,-37.65,-1433.96,-50.75,272.06,266.36,210.61,170.69,146.95,128.14,112.94,99.41,88.43,78.48,69.03,61.47,54.71,47.77,41.8,37.07,32.69,29.36,26.06,22.94,19.37,-37.65,288.98,288.59,289.26,288.41,289.15,288.55,290.06,289.35,288.39,289.12,289.15,288.36,289.08,288.4,287.97,288.64,288.42,287.0,286.15,278.4,261.97,238.44,218.31,202.54,199.87,214.97,234.43,256.81,273.18,283.87,286.1,288.18,288.58,284.55,289.28,290.64,289.03,289.32,287.95,290.52,289.28,289.97,288.81,288.16,288.42,289.48,289.08,289.73,9.83,18.0,18.77,17.42,15.65,10.85,11.09,13.05,13.51,11.69,11.5,18.62,-1.17,0.0,-0.12,-0.27,267.67836644655404,22.05163355344598,0.9894741319766474,1.0134980833278109,14.165,21.295306971487896,21.28019113291667,21.30615275488565,21.27321096944453,21.30189256997383,21.278640183357705,21.337110329839014,21.30963772723522,21.272435254341826,21.30073055348598,21.30189256997383,21.271271628646698,21.299181099552893,21.27282311542899,21.256138697873478,21.282129660921868,21.273598816388827,21.218453578836222,21.18537542771431,20.881363775752614,20.221749229831516,19.237743086856828,18.35409865108416,17.63093403604864,17.505538963123612,18.203334478567765,19.064983539456204,20.01010470809793,20.674077772640185,21.096392008482816,21.18342804558262,21.26428853728005,21.279803406124323,21.122970150686637,21.306927242445152,21.359526514819883,21.297244123612003,21.308476133114528,21.255362359717704,21.354890613986143,21.306927242445152,21.33362984529913,21.288719335767844,21.263512496677723,21.273598816388827,21.314670570246957,21.299181099552893,21.01698065813481
38,12.25,136.63,1025.3,21.59,890.13,1.212,-1484.12,-1049.34,-1080.66,-634.95,-522.13,-429.44,-366.11,-323.52,-281.34,-249.32,-209.0,-187.78,-157.14,-134.16,-104.34,-82.86,-66.33,-57.19,-51.4,-47.94,-47.36,-46.06,-42.08,-40.65,-30.34,-1481.61,-46.35,273.74,265.34,210.13,170.11,146.57,127.74,112.62,99.2,88.37,78.6,69.26,61.93,55.34,48.65,42.86,38.49,34.33,31.32,28.45,25.76,22.67,-30.34,290.31,290.09,290.2,289.94,290.08,289.92,291.41,290.65,289.89,290.34,290.48,289.56,290.46,289.84,289.37,290.01,289.88,288.68,288.45,282.51,267.91,245.55,224.73,206.34,200.64,213.47,232.78,256.0,273.57,285.17,287.5,289.67,289.84,286.86,290.54,291.81,290.2,289.87,288.95,291.05,290.24,291.1,289.89,289.28,289.68,290.51,290.53,291.09,10.22,18.31,19.05,17.72,16.08,11.24,12.03,13.39,14.01,12.15,11.91,18.96,-0.44,-0.01,-0.16,-0.17,267.20320415561804,23.886795844381936,1.010607190969655,1.0341537270828276,14.589166666666666,21.33037443382907,21.321862891964162,21.32611908753052,21.31605761934517,21.321475922964463,21.315283463536513,21.372881298634038,21.34352195849971,21.31412217710169,21.33153483549282,21.336949208829132,21.301343847864917,21.336175811045052,21.312186559093202,21.2939831495152,21.318766943291966,21.313735067562725,21.267230767320203,21.258305825174677,21.026497244159234,20.445566197044087,19.52238426393495,18.62168230061856,17.78821286840545,17.521831424187532,18.115909958358756,18.97500672168547,19.95915107841957,20.672714168950122,21.130618194992078,21.221402163640818,21.305604142497057,21.312186559093202,21.19650452740777,21.339269234000124,21.388317395533974,21.32611908753052,21.313347950992778,21.277703096549367,21.358979273353867,21.327666584420193,21.360910651242964,21.31412217710169,21.290495614718605,21.305991399767173,21.338109252945753,21.338882580654946,20.998318499221533
39,12.0,138.71,1025.28,21.6,889.87,1.212,-1464.42,-1038.41,-1067.97,-642.23,-526.93,-437.09,-372.3,-331.23,-291.23,-258.59,-221.44,-201.6,-173.04,-152.21,-122.73,-98.41,-79.1,-63.88,-52.38,-44.38,-41.14,-38.63,-32.29,-31.06,-22.45,-1462.06,-41.79,275.9,264.67,209.37,169.43,145.81,126.88,111.84,98.55,87.9,78.21,69.26,61.92,55.54,49.03,43.54,39.43,35.56,32.96,30.45,28.27,25.81,-22.45,291.47,291.11,290.7,290.83,290.64,290.79,292.42,291.63,290.9,291.31,291.33,290.56,291.43,290.59,290.26,290.79,290.8,289.48,289.32,283.22,267.36,244.76,223.93,205.41,202.05,216.91,236.35,259.25,276.45,286.89,288.85,290.78,291.14,286.59,291.82,293.04,291.63,291.27,290.28,292.34,291.59,292.32,291.12,290.51,291.02,291.9,291.93,292.27,9.52,17.77,18.47,17.16,15.6,11.29,12.05,13.29,13.4,11.5,11.25,18.46,-1.0,0.0,-0.21,-0.32,271.32199661774735,20.948003382252637,1.0245635568960967,1.0474529162341857,14.146666666666668,21.392271102580313,21.37838168618832,21.362552185157707,21.367572564887467,21.360234688846383,21.366027958305015,21.42888050486934,21.398441282694705,21.370275357769415,21.386099142285214,21.386870734728408,21.35714430258119,21.390728279458664,21.358303249831696,21.345551369227397,21.366027958305015,21.36641412041891,21.315380234550226,21.30918600371244,21.071672964910835,20.44122756535032,19.50769220091143,18.605835582197624,17.765586441380442,17.60884741119404,18.29188233331741,19.14868578301711,20.111214436095338,20.80489808623051,21.21488880835144,21.29098002871306,21.365641789211633,21.379539482197625,21.2032180964533,21.405766061556132,21.452739265702185,21.398441282694705,21.384555873877584,21.346324427326024,21.425800019851046,21.39689890447382,21.42502982939158,21.37876762515831,21.355212584061324,21.374907921880432,21.408849429228756,21.410005577623828,21.15953844075966
40,11.75,137.04,1025.33,21.63,889.76,1.212,-1420.24,-1018.43,-1008.03,-640.73,-525.05,-438.35,-373.18,-333.85,-293.52,-263.39,-226.47,-208.03,-185.03,-162.5,-133.92,-110.32,-88.55,-71.21,-55.97,-44.03,-36.3,-30.69,-22.57,-19.82,-12.78,-1417.8,-32.65,277.14,263.82,208.09,168.06,145.16,126.19,111.35,98.28,87.77,78.41,69.53,62.52,56.34,50.11,44.91,41.12,37.52,35.28,33.22,31.58,29.89,-12.78,291.83,291.46,291.26,291.53,291.14,291.14,292.74,291.98,291.43,291.62,291.68,290.9,291.89,291.13,290.7,291.36,291.15,290.16,290.73,286.74,272.75,250.9,229.31,209.0,202.99,216.34,236.27,260.32,277.48,287.68,289.57,291.35,291.67,287.14,292.3,293.7,292.28,291.8,291.07,292.83,292.18,292.94,290.94,291.13,291.52,292.57,292.39,292.86,10.12,18.35,19.05,17.69,16.26,12.19,13.2,13.87,14.02,12.12,11.85,19.05,-0.11,0.01,-0.12,-0.29,268.01495283520376,24.845047164796256,1.0349503659049817,1.0571014268402923,14.814166666666667,21.38040778805957,21.3661244994878,21.358399825930604,21.368827475525368,21.353763680492772,21.353763680492772,21.415496430125895,21.38619559286302,21.364965976502695,21.37230222812351,21.374618416038288,21.34448836862509,21.382723097975816,21.3533772896038,21.336755862011252,21.362262511868042,21.35415006439023,21.31586408302888,21.33791591663925,21.183071006105912,20.630964317473552,19.737795800400455,18.81365249897093,17.90080078842527,17.621611081785677,18.235977629071844,19.11645021615903,20.127720623899553,20.81926918018305,21.219652503404397,21.293014447147325,21.36187627470484,21.374232402149048,21.198645316536755,21.39853767764223,21.452450810212255,21.397766505902993,21.37925003907348,21.35105879742682,21.418963611720805,21.393910230238276,21.423200516076847,21.346034533819903,21.3533772896038,21.368441357024683,21.408945777313033,21.402007606599884,21.03019018145088
41,11.5,136.76,1025.2,21.65,890.24,1.211,-1358.73,-984.58,-1082.61,-619.81,-516.12,-432.49,-368.92,-330.29,-292.77,-262.61,-227.67,-210.26,-189.14,-166.18,-139.38,-115.31,-93.91,-75.84,-59.13,-45.16,-35.13,-26.57,-17.11,-13.69,-6.06,-1356.78,-19.21,276.14,260.01,203.86,164.43,141.92,123.44,108.92,96.18,85.97,76.87,68.35,61.62,55.61,49.69,44.76,41.24,37.97,36.03,34.34,33.16,31.91,-6.06,288.98,288.61,288.44,288.57,288.35,288.3,289.94,289.31,288.54,289.23,289.13,288.37,289.01,288.35,288.01,288.63,288.19,287.34,287.24,280.96,263.58,239.57,218.87,203.51,204.44,224.73,246.93,269.25,281.59,287.58,287.35,288.61,288.31,285.68,288.84,289.81,289.14,288.38,287.89,289.62,288.82,289.68,287.83,287.9,288.23,289.12,288.94,289.6,9.97,18.11,18.75,17.36,15.85,12.35,12.88,14.14,13.76,11.78,11.53,18.81,-0.24,-0.02,-0.1,-0.09,267.46058104237017,22.139418957629857,1.044856476006498,1.0662620006205406,14.6075,21.28693904112825,21.27258114346652,21.26598102140229,21.27102835781204,21.262486009706496,21.260544088282643,21.324146883223133,21.299736568078238,21.269863694178937,21.296634843478962,21.292757052344662,21.263262728617782,21.288102770575932,21.262486009706496,21.249277444363006,21.273357493790893,21.25627123666967,21.223224740204895,21.219333533524004,20.97351953971344,20.27769639525816,19.275159970996725,18.36695862905956,17.66289060082036,17.7063159664347,18.62855661041089,19.587930863361876,20.507294627716668,20.998309082173428,21.232560726685474,21.223613821634526,21.27258114346652,21.26093248675704,21.15853805092683,21.28150746229876,21.319112122719215,21.29314486323719,21.263651077433927,21.244613637059718,21.311751487033785,21.280731409296436,21.31407617291615,21.24228134942569,21.245002326772635,21.257825100263524,21.2923692343887,21.28538730289366,21.01710133146718
42,11.25,138.54,1025.25,21.66,889.73,1.212,-1323.26,-951.02,-1081.71,-591.34,-512.8,-431.81,-369.74,-332.28,-294.65,-264.91,-230.89,-213.68,-193.09,-170.01,-143.48,-119.74,-98.03,-79.01,-61.3,-46.16,-34.85,-24.36,-14.43,-10.35,-1.87,-1320.52,-7.17,279.96,260.25,203.2,163.54,140.99,122.46,108.01,95.38,85.21,76.25,67.85,61.2,55.32,49.56,44.82,41.41,38.33,36.67,35.17,34.29,33.37,-1.87,291.38,291.18,290.84,291.21,290.91,290.85,292.47,291.65,291.12,291.5,291.44,290.85,291.59,290.8,290.44,290.94,290.88,289.89,290.41,285.81,270.37,247.19,225.63,208.04,207.17,226.74,249.44,271.81,284.69,290.16,289.81,290.96,290.75,286.62,291.24,291.92,291.42,290.84,290.18,291.9,291.06,291.88,289.97,290.1,290.53,291.57,291.24,291.91,9.62,17.82,18.43,17.08,15.64,12.45,13.16,14.04,13.32,11.37,11.19,18.55,-0.62,-0.04,-0.1,-0.16,270.9853035182418,20.924696481758247,1.028461414159623,1.0486101644355752,14.389166666666668,21.379443001591643,21.371723141922963,21.358592976818368,21.372881298634038,21.36129690586576,21.358979273353867,21.421467338310247,21.38986039254958,21.369406640195123,21.384073579659375,21.381758415979167,21.358979273353867,21.387545855281555,21.357047720804832,21.34313538219711,21.362455627830926,21.360138121043484,21.321862891964162,21.34197561127599,21.163392070185527,20.552630392764968,19.599994667833407,18.67035707273223,17.87612459631724,17.83592405844737,18.719346046046567,19.694483041355177,20.610357922301315,21.119682267920364,21.33230840153437,21.318766943291966,21.363228074225468,21.355115993548473,21.194947454045693,21.374039392590152,21.40027271244964,21.38098663904372,21.358592976818368,21.33308193952538,21.399501603235684,21.36708988732498,21.398730466234596,21.324958391167815,21.32998761924591,21.3466143168953,21.386774287195372,21.374039392590152,21.14640555394425
43,11.0,136.71,1025.27,21.66,890.14,1.212,-1253.53,-897.36,-1002.47,-550.85,-498.5,-423.83,-363.91,-327.11,-290.71,-262.3,-228.63,-213.23,-192.95,-170.82,-143.82,-121.35,-99.54,-80.83,-62.62,-46.43,-34.28,-21.87,-11.47,-6.32,2.32,-1252.56,13.6,280.09,257.23,199.74,160.44,138.25,120.09,105.96,93.64,83.71,74.98,66.87,60.42,54.72,49.19,44.65,41.53,38.63,37.17,35.95,35.38,34.65,2.32,290.27,289.96,289.61,290.14,289.64,289.79,291.3,290.61,289.99,290.4,290.42,289.77,290.37,289.74,289.41,289.97,289.69,288.88,289.75,286.86,273.06,250.78,229.39,209.39,206.83,224.85,247.25,269.88,282.95,288.96,288.66,289.66,289.3,285.13,289.7,290.42,290.11,289.3,288.85,290.37,289.54,290.54,288.52,288.57,289.12,289.9,289.76,290.35,10.23,18.32,18.9,17.54,16.14,13.17,13.99,14.64,13.87,11.96,11.75,19.02,-0.12,-0.02,-0.11,-0.1,267.3615891803313,22.98841081966873,1.0157343938220977,1.0347455846267855,14.960833333333335,21.314444763013547,21.302441277948404,21.288880821796727,21.3094118666708,21.290043485046233,21.29585584914668,21.35427885746911,21.3276021076249,21.30360320112387,21.319476471238705,21.32025047479581,21.29508095892816,21.318315413212314,21.29391857072835,21.28112811016757,21.302828592715223,21.29198111604424,21.260569752069635,21.29430604051174,21.182032311590998,20.63749538150311,19.726645408023774,18.81072857044445,17.912012980703818,17.793700755566782,18.610528207872488,19.578443670160674,20.509965647681785,21.029178482165285,21.263674174138824,21.2520302531073,21.290818558606187,21.2768629146674,21.11453782043872,21.292368621084638,21.32025047479581,21.308250260237592,21.2768629146674,21.25940547692064,21.318315413212314,21.28616769391591,21.324893906184176,21.24659423946995,21.248535832558034,21.269881658969773,21.300117241448458,21.294693503244883,21.004540966697387
44,10.75,138.55,1025.31,21.67,890.26,1.212,-1234.46,-795.03,-946.25,-544.57,-496.36,-422.23,-363.88,-327.5,-291.99,-264.42,-230.86,-215.72,-195.18,-174.4,-147.62,-124.51,-102.93,-84.14,-65.0,-48.27,-35.07,-21.53,-10.16,-4.16,5.43,-1233.15,29.26,281.65,256.1,198.17,158.52,136.37,118.35,104.34,92.14,82.33,73.63,65.62,59.36,53.82,48.4,44.02,41.04,38.35,37.07,36.07,35.77,35.26,5.43,292.15,291.92,291.59,292.2,291.53,291.73,293.21,292.34,291.94,292.09,292.14,291.4,292.32,291.51,291.23,291.68,291.8,290.72,292.09,289.98,278.66,257.23,235.12,213.6,208.91,225.94,249.17,272.7,285.76,291.24,290.75,291.92,291.96,286.16,292.67,293.29,292.74,292.23,291.67,293.21,292.35,293.23,291.25,291.37,291.83,292.86,292.82,293.27,9.93,18.06,18.66,17.22,15.95,13.21,14.19,14.55,13.55,11.65,11.47,18.79,-0.74,-0.01,-0.13,-0.15,271.00510869398346,22.264891306016523,1.0046647348115445,1.0226111538429457,14.769166666666665,21.394488715899275,21.38561688287121,21.372881298634038,21.396416888478466,21.370564922446725,21.37828520035718,21.43532883657802,21.40181484752816,21.38638849271368,21.392174679395065,21.39410306052994,21.3655452458477,21.401043793879467,21.369792741254663,21.358979273353867,21.376355392278303,21.38098663904372,21.339269234000124,21.392174679395065,21.310637938103422,20.86776033363749,20.00250946852679,19.068697819296744,18.113632583458703,17.898726531268757,18.667263368586386,19.66723302870794,20.63076435432736,21.146621313091508,21.359365562902966,21.340429152002525,21.38561688287121,21.387160074717873,21.16222244864411,21.414533224502524,21.438407952400603,21.417230091085017,21.39757370862551,21.375969409755918,21.43532883657802,21.402200363935524,21.436098656998276,21.359751845466043,21.364386691451507,21.382144294000565,21.42185250104336,21.420311808556793,21.147178290732754
45,10.5,136.58,1025.26,21.68,889.64,1.211,-1351.92,-762.35,-887.81,-559.33,-484.58,-413.54,-359.81,-321.68,-287.38,-260.23,-228.42,-214.0,-194.19,-173.05,-146.71,-124.1,-103.26,-84.1,-65.11,-48.06,-33.99,-19.39,-7.47,-1.07,10.01,-1350.36,52.37,282.84,253.29,194.92,155.8,133.73,116.14,102.46,90.54,80.94,72.52,64.72,58.76,53.41,48.24,44.03,41.32,38.83,37.75,37.0,36.94,36.95,10.01,291.71,291.36,291.16,291.51,291.08,291.3,292.7,291.97,291.59,291.61,291.66,290.67,291.91,291.05,290.63,291.36,291.15,290.22,291.46,289.68,277.02,253.89,232.52,213.55,212.71,234.19,257.94,278.42,288.11,291.4,290.34,291.35,290.59,287.72,291.34,291.93,291.58,290.73,290.26,291.77,291.15,291.29,290.06,290.19,290.52,291.59,291.47,291.75,10.79,18.82,19.42,17.97,16.63,14.18,15.02,15.32,14.33,12.48,12.31,19.55,0.79,-0.01,-0.11,-0.11,267.10421473676536,24.645785263234643,0.9895252751737414,1.006377153636916,15.568333333333335,21.355458352171322,21.34192040912071,21.334180584607072,21.34772343597102,21.331083868467122,21.339598756524403,21.393705004458237,21.36550955684715,21.35081773871327,21.351591244331537,21.353524885792734,21.31520613697442,21.36319046781032,21.329922484005554,21.313656456722494,21.34192040912071,21.333793519671893,21.297765732896075,21.34578926897649,21.276818377644123,20.779669392474847,19.839224410579217,18.92885836634434,18.08237261214186,18.043971737046803,19.001571783683623,20.00708655074072,20.835229751286153,21.215798402233318,21.34346803721847,21.302417903442155,21.341533484560387,21.31210666378772,21.200613341495604,21.341146552984945,21.363963525460424,21.35043097539538,21.317530446125726,21.29931656931381,21.357778280783542,21.333793519671893,21.339211789867658,21.291561257625712,21.29660253147036,21.309394254934812,21.35081773871327,21.346176116395714,21.003094999672328
46,10.25,137.81,1025.25,21.69,889.95,1.211,-1313.04,-741.07,-852.2,-614.42,-477.4,-411.38,-359.26,-321.76,-288.33,-262.33,-229.99,-215.34,-196.88,-177.0,-149.63,-127.18,-106.44,-88.2,-68.31,-50.43,-36.06,-20.59,-7.54,-0.1,12.04,-1311.92,64.72,282.81,250.15,191.2,152.51,130.21,112.94,99.55,87.72,78.31,70.05,62.56,56.59,51.41,46.34,42.31,39.74,37.53,36.6,36.09,36.29,36.46,12.04,291.38,291.09,290.77,291.29,290.69,290.73,292.37,291.63,291.2,291.26,291.3,290.1,291.56,290.7,290.33,290.97,290.91,289.84,291.42,290.75,280.65,258.67,236.26,216.27,215.67,237.97,261.13,280.12,288.37,291.26,290.05,291.09,291.51,286.9,292.08,292.67,292.36,291.48,290.95,292.62,291.77,291.9,290.82,290.82,291.17,292.23,291.99,292.51,9.67,17.72,18.36,16.96,15.71,13.45,14.65,14.61,13.23,11.4,11.26,18.49,-0.66,-0.01,-0.11,-0.23,269.5396272128841,22.970372787115878,0.9885416187049816,1.0045739175924904,14.625833333333334,21.379129124568323,21.36792500695072,21.35555502089519,21.375652613085002,21.352461404658587,21.354008268799518,21.417333506097883,21.388783136044406,21.372175536093877,21.37449365026912,21.37603892005997,21.32963212800944,21.386080452114676,21.352848131199394,21.338534581332496,21.363287101546415,21.360967771225024,21.319564008764566,21.380674059334265,21.354781658851486,20.960588500803777,20.075997914558208,19.1320400724945,18.248860768563038,18.221690447171635,19.205704091217704,20.176928664108985,20.93969819836453,21.262550737366144,21.37449365026912,21.3276963203497,21.36792500695072,21.38414975445989,21.205384179361847,21.406149384911043,21.428897144051756,21.416947943971667,21.382991252190944,21.362514019418164,21.426970304436303,21.394187479630304,21.399204576567126,21.357488303488218,21.357488303488218,21.371016384714064,21.411935004538723,21.402677262423257,21.098629117565938
47,10.0,138.09,1025.26,21.73,889.78,1.211,-1261.22,-716.86,-810.59,-695.68,-464.51,-404.04,-354.23,-317.67,-284.92,-259.64,-227.8,-215.91,-196.51,-179.54,-150.5,-128.88,-107.78,-89.34,-69.53,-51.63,-36.67,-20.84,-6.76,1.84,14.66,-1260.24,77.41,281.91,245.47,186.96,148.89,126.69,109.72,96.63,85.07,75.89,67.9,60.66,54.86,49.86,45.02,41.21,38.83,36.86,36.14,35.85,36.28,36.88,14.66,289.6,289.23,289.0,289.71,288.96,289.09,290.58,290.03,289.36,289.77,289.68,288.37,289.75,288.99,288.63,289.3,289.14,288.22,289.91,289.86,282.33,262.31,238.8,217.24,215.85,238.49,262.36,280.54,287.47,289.54,288.11,289.2,289.17,284.83,289.8,290.42,290.31,289.33,288.87,290.49,289.01,289.76,288.5,288.59,288.97,290.03,289.84,290.33,8.83,16.81,17.43,16.01,14.74,12.71,13.84,13.69,12.31,10.47,10.37,17.48,-1.4,0.04,-0.07,-0.15,270.0941095129089,20.23589048709107,0.9962752946481217,1.0116444469500143,13.724166666666667,21.34517674622426,21.330858048662982,21.321952390194006,21.349431804394527,21.320403200295633,21.325437655986754,21.383055615074742,21.361805336222893,21.335890037409072,21.35175238780831,21.348271418093784,21.297539559816627,21.35097888802797,21.321565103272064,21.30761808589494,21.333567728549916,21.327373668657195,21.291722855431193,21.357166101875745,21.3552327901139,21.062050332693172,20.26194414171236,19.280014653590502,18.333358356462668,18.27064326111116,19.26673276575733,20.263981760380318,20.991753850023404,21.26261546482875,21.342855447848763,21.287456262070187,21.329696651905707,21.328535191907225,21.159838926008426,21.35291258494191,21.376875894556843,21.37262630020807,21.33472891457773,21.316917111381244,21.379579742074014,21.32233967008149,21.351365641420855,21.302579418890936,21.306067853732035,21.320790508323263,21.361805336222893,21.354459416400456,21.12031944592186
48,9.0,137.08,1025.28,21.74,889.88,1.211,-1068.5,-682.62,-679.53,-547.04,-463.87,-404.59,-332.91,-298.31,-271.06,-249.01,-220.46,-213.68,-194.21,-179.98,-151.58,-134.63,-111.11,-93.09,-73.5,-55.81,-39.02,-19.03,-1.43,11.5,29.16,-1067.09,131.75,283.01,234.28,172.9,137.97,117.23,100.88,88.82,78.22,69.91,62.74,56.11,51.27,47.04,42.95,39.88,38.29,37.2,37.31,37.99,39.54,41.18,29.16,290.42,290.01,289.72,290.29,289.88,289.88,291.27,290.47,290.04,290.41,290.3,289.24,290.57,289.73,289.29,290.06,289.82,288.85,290.48,291.19,288.37,274.47,250.72,224.21,219.6,244.28,270.04,286.02,289.39,290.35,288.84,289.87,289.79,286.42,290.48,291.07,291.15,289.94,289.5,291.06,289.51,290.37,289.18,289.24,289.7,290.69,290.45,291.21,10.2,17.79,18.33,16.96,15.7,14.76,15.64,14.67,13.39,11.66,11.55,18.48,-0.38,-0.02,-0.1,-0.05,268.09415121120736,23.11584878879262,0.9462126260872601,0.9580072854936345,14.9275,21.33034188013331,21.314463595913054,21.30322546844039,21.325308582226135,21.309426547547012,21.309426547547012,21.36322267910425,21.332277447720475,21.315625822654034,21.32995474553892,21.325695801164343,21.284611391353256,21.336148056123726,21.30361308876591,21.28655111717441,21.316400605277085,21.307101354372822,21.269475458795885,21.332664540163623,21.360130173384878,21.25083181934387,20.70366195862727,19.733672656116532,18.59128392958079,18.385382661871677,19.462322532228068,20.526211315038836,21.159318585573125,21.29043003864384,21.327631790401693,21.269087216326174,21.309039032970738,21.305938662626986,21.174923236484606,21.332664540163623,21.3554905751279,21.358583752613924,21.311751487033785,21.29469603618065,21.35510389643997,21.29508381176178,21.328406136892053,21.282283487002505,21.284611391353256,21.30245020662988,21.34079185954455,21.331503241761038,21.04197963684743
49,9.75,138.9,1025.23,21.83,890.26,1.211,-1236.03,-713.71,-785.93,-696.39,-448.77,-395.99,-349.55,-317.67,-286.64,-258.92,-229.31,-217.4,-196.52,-180.47,-151.3,-132.67,-111.04,-91.07,-70.96,-53.94,-38.49,-19.89,-4.18,5.29,19.92,-1232.33,91.58,284.33,244.8,185.49,147.83,126.02,108.81,95.92,84.65,75.55,67.84,60.64,55.09,50.23,45.6,41.96,39.82,38.09,37.53,37.52,38.29,39.26,19.92,291.69,291.31,291.21,290.77,291.16,291.45,292.12,291.8,291.45,291.6,291.53,290.67,291.55,290.91,290.56,291.67,291.11,290.36,291.74,291.16,279.63,255.45,232.43,218.18,225.93,254.34,275.98,288.12,290.65,291.69,289.45,291.3,290.96,287.35,292.19,292.93,293.01,291.66,291.26,292.77,291.12,292.13,290.93,290.89,291.33,292.7,292.2,291.99,9.79,17.8,18.36,16.94,15.6,14.16,14.93,14.48,13.15,11.36,11.28,18.49,-0.4,0.0,-0.08,-0.05,271.698313525054,20.291686474946005,0.9773696386544297,0.9916936024811495,14.695,21.388429232581792,21.373753168902876,21.369889371704218,21.35288035809497,21.367957211107537,21.379161311847994,21.405024221716904,21.392675687723102,21.379161311847994,21.38495423299946,21.382251065102224,21.349012783283662,21.383023433657062,21.358293786254333,21.344757641581914,21.387657059245587,21.36602487578277,21.337018846250565,21.390359543970124,21.367957211107537,20.91763565559726,19.94024930954569,18.963000177254212,18.331969521127135,18.67780623929023,19.89422898281834,20.77304516555147,21.250151794279823,21.34823918424064,21.388429232581792,21.301771829400515,21.373366820614738,21.360226820965753,21.220209117239065,21.407724514032395,21.436249656583797,21.439331182488786,21.387270962122933,21.37182135762021,21.430085275455504,21.366411356828245,21.405409998617596,21.359067021132084,21.357520523382124,21.37452584452922,21.42738780105682,21.408110242273473,21.18294787797676
50,9.5,137.65,1025.25,21.82,889.84,1.211,-1193.38,-697.7,-746.49,-636.04,-457.67,-393.86,-346.07,-316.07,-285.61,-260.66,-231.06,-218.82,-198.27,-181.97,-153.29,-134.87,-112.85,-93.26,-72.56,-55.58,-39.64,-20.3,-3.57,7.39,23.26,-1189.64,102.4,284.68,242.4,182.32,145.18,123.2,106.46,93.79,82.72,73.77,66.2,59.13,53.83,49.14,44.6,41.19,39.21,37.73,37.38,37.6,38.65,39.87,23.26,291.98,291.84,291.86,291.42,291.56,291.93,292.61,292.34,291.96,292.18,291.96,291.12,291.87,291.37,291.05,292.27,291.55,290.88,292.29,292.48,284.9,263.3,237.66,218.44,224.35,254.04,277.45,288.99,291.31,292.22,289.78,291.68,292.06,286.86,292.86,293.66,293.86,292.63,292.08,293.82,291.85,293.04,291.96,291.67,292.11,293.61,292.79,293.16,9.74,17.77,18.36,16.97,15.71,14.5,15.5,14.88,13.11,11.37,11.33,18.52,-0.48,0.04,-0.16,-0.24,269.2227934150915,23.93720658490855,0.9762706385943273,0.9898457780106545,14.813333333333334,21.395055907521943,21.389651783354424,21.390423884683045,21.37343121248107,21.37883943687057,21.393126019888612,21.419357593395166,21.408945962954395,21.394283973359045,21.402773717876084,21.394283973359045,21.361837549605454,21.39080992489648,21.37149937209614,21.359131456108354,21.40624582471866,21.378453180500724,21.35255808695043,21.40701732753881,21.414345218043294,21.120028442957267,20.257902258343915,19.18430177585387,18.338349787875455,18.60256975343256,19.876857340847856,20.82670690102772,21.27934091021983,21.369180933103642,21.404316946007196,21.309975514467283,21.383473969097327,21.398143365699664,21.196523197236314,21.42899348148455,21.45979924789554,21.467493782288507,21.42012862396015,21.398915160640698,21.46595509606018,21.390037837502486,21.435928638826525,21.394283973359045,21.383087796443995,21.400072800861942,21.45787518317747,21.426295869633908,21.08622514484149
51,9.25,137.78,1025.3,21.82,889.86,1.211,-1143.56,-698.3,-713.19,-571.75,-488.43,-384.18,-334.47,-306.57,-279.65,-257.13,-228.07,-215.87,-196.24,-182.04,-152.78,-135.72,-113.2,-94.04,-73.75,-56.29,-40.14,-19.62,-2.53,9.92,26.64,-1138.49,114.74,283.76,238.29,177.55,141.54,119.72,103.33,90.96,80.24,71.49,64.13,57.22,52.21,47.74,43.47,40.28,38.47,37.21,37.1,37.54,38.85,40.33,26.64,290.62,290.27,290.16,289.88,290.2,290.5,291.1,290.92,290.42,290.73,290.58,289.81,290.5,290.04,289.6,290.86,290.18,289.3,290.86,291.4,286.54,268.92,243.61,220.83,222.35,250.57,274.74,287.67,289.88,290.58,288.25,290.15,289.61,285.28,290.83,291.67,291.98,290.49,290.11,291.81,290.01,291.05,289.8,289.79,290.21,291.39,290.93,291.09,9.48,17.27,17.84,16.43,15.15,14.13,14.97,14.15,12.77,11.0,10.94,17.98,-0.95,0.02,-0.11,-0.06,269.4802201428421,21.60977985715789,0.9576100370176073,0.9702265068664451,14.3425,21.360710052310843,21.347175439781548,21.342919931768307,21.33208389886483,21.344467487393455,21.35607058003234,21.37925787339626,21.3723043268109,21.352977038489875,21.364962016859128,21.359163673523593,21.329374030472437,21.35607058003234,21.33827659147529,21.321242358796624,21.369985975148293,21.343693723606854,21.30962030219255,21.369985975148293,21.39084209459979,21.202398474547472,20.504677116450193,19.458715746346414,18.466721916245913,18.534566096346882,19.751867026491567,20.737735523654706,21.246362684769903,21.33208389886483,21.359163673523593,21.268893092433704,21.3425330253286,21.32162965158091,21.153268688739374,21.368826704995808,21.401262532503456,21.413220485501327,21.355683911846327,21.340985329424658,21.40666372553109,21.33711559851541,21.37732655955888,21.32898687831096,21.32859971912198,21.34485435876823,21.390456054966933,21.37269069430545,21.096303899523345
